2026-09-27 21:55:51.462 DEBUG [1940551:1940551] Initialized base logger [./dcgmlib/src/DcgmApi.cpp:5982] [{anonymous}::StartEmbeddedV2]
2026-09-27 21:55:51.462 INFO  [1940551:1940551] version:4.6.1;arch:x86_64;buildtype:RelWithDebInfo;buildid:22441;builddate:2026-07-24;commit:6e0069fb6ea61e5edd82e652192dfa64de061378;branch:v4.6.1;buildplatform:Linux 6.17.0-35-generic #35~24.04.1-Ubuntu SMP PREEMPT_DYNAMIC Tue May 26 19:30:42 UTC 2 x86_64;;crc:b0bfe0b072c3f07fbccca796644267d6 [./dcgmlib/src/DcgmApi.cpp:5999] [{anonymous}::StartEmbeddedV2]
2026-09-27 21:55:51.462 DEBUG [1940551:1940551] HangDetectMonitor: Initializing with check interval 60s and expiry time 600s [./common/HangDetectMonitor.h:104] [HangDetectMonitor::HangDetectMonitor]
2026-09-27 21:55:51.462 INFO  [1940551:1940551] Created thread named "" ID 4062172736 DcgmThread ptr 0x0x5d10ea571c80 [./common/DcgmThread/DcgmThread.cpp:119] [DcgmThread::Start]
2026-09-27 21:55:51.462 DEBUG [1940551:1940551] Hang detection enabled [./dcgmlib/src/DcgmHostEngineHandler.cpp:5481] [DcgmHostEngineHandler::InitializeHangDetection]
2026-09-27 21:55:51.462 DEBUG [1940551:1940554] Thread handle 4062172736 running [./common/DcgmThread/DcgmThread.cpp:305] [DcgmThread::RunInternal]
2026-09-27 21:55:51.462 DEBUG [1940551:1940554] HangDetectMonitor: Running [./common/HangDetectMonitor.h:294] [HangDetectMonitor::run]
2026-09-27 21:55:51.462 DEBUG [1940551:1940554] HangDetectMonitor: Successfully enqueued periodic task check [./common/HangDetectMonitor.h:311] [HangDetectMonitor::run]
2026-09-27 21:55:51.463 INFO  [1940551:1940551] Initializing NVML with NVML_INIT_FLAG_NO_GPUS and NVML_INIT_FLAG_NO_ATTACH flags. [./dcgmlib/src/DcgmHostEngineHandler.cpp:1949] [DcgmNvmlSystemEventThread::Init]
2026-09-27 21:55:51.517 ERROR [1940551:1940551] Failed to initialize NVML: 9 [./dcgmlib/src/DcgmHostEngineHandler.cpp:1953] [DcgmNvmlSystemEventThread::Init]
2026-09-27 21:55:51.517 INFO  [1940551:1940551] Failed to initialize NVML system event thread [./dcgmlib/src/DcgmHostEngineHandler.cpp:1935] [DcgmNvmlSystemEventThread::DcgmNvmlSystemEventThread]
2026-09-27 21:55:51.525 DEBUG [1940551:1940551] Env variable __DCGM_XID_KMSG__ unset. Not loading [./dcgmlib/src/DcgmKmsgReader.cpp:40] [ReadEnvXidAndUpdate]
2026-09-27 21:55:51.525 DEBUG [1940551:1940551] __DCGM_TEST_KMSG_FILENAME__ unset. Not loading [./dcgmlib/src/DcgmKmsgReader.cpp:147] [ReadEnvKmsgFilenameAndUpdate]
2026-09-27 21:55:51.525 DEBUG [1940551:1940551] Set m_forceProfMetricsThroughGpm to 0 [./dcgmlib/src/DcgmCacheManager.cpp:1119] [DcgmCacheManager::DcgmCacheManager]
2026-09-27 21:55:51.525 DEBUG [1940551:1940559] Thread handle 3690985024 running [./common/DcgmThread/DcgmThread.cpp:305] [DcgmThread::RunInternal]
2026-09-27 21:55:51.525 INFO  [1940551:1940551] Created thread named "NvmlTaskRunner" ID 3690985024 DcgmThread ptr 0x0x5d10ea5aadf0 [./common/DcgmThread/DcgmThread.cpp:119] [DcgmThread::Start]
2026-09-27 21:55:51.525 DEBUG [1940551:1940551] The full driver version is 591.86 [./dcgmlib/src/DcgmCacheManager.cpp:3098] [DcgmCacheManager::ReadAndCacheDriverVersions]
2026-09-27 21:55:51.526 INFO  [1940551:1940551] Parsed driver string is 59186, IsR450OrNewer: 1, IsR520OrNewer: 1 [./dcgmlib/src/DcgmCacheManager.cpp:3128] [DcgmCacheManager::ReadAndCacheDriverVersions]
2026-09-27 21:55:51.535 INFO  [1940551:1940551] nvmlSystemGetConfComputeState returned 3 [./dcgmlib/src/DcgmCacheManager.cpp:1492] [DcgmCacheManager::AttachGpus]
2026-09-27 21:55:51.535 DEBUG [1940551:1940551] Got nvml error 3 from nvmlDeviceGetSerial of nvmlIndex 0 [./dcgmlib/src/DcgmCacheManager.cpp:1522] [DcgmCacheManager::AttachGpus]
2026-09-27 21:55:51.536 DEBUG [1940551:1940551] nvmlDevice 0x7724ea9f62f8 is arch 7 [./dcgmlib/src/DcgmCacheManager.cpp:1745] [DcgmCacheManager::HelperGetLiveChipArch]
2026-09-27 21:55:51.537 DEBUG [1940551:1940551] nvmlGpmQueryDeviceSupport returned isSupportedDevice 0 for nvmlDevice x0x7724ea9f62f8 [./dcgmlib/src/DcgmGpmManager.cpp:439] [DcgmGpmManager::DoesNvmlDeviceSupportGpm]
2026-09-27 21:55:51.539 INFO  [1940551:1940551] Detected 0 NVLinks for GPU 0 [./dcgmlib/src/DcgmCacheManager.cpp:1444] [DcgmCacheManager::InitializeNvLinkCount]
2026-09-27 21:55:51.540 DEBUG [1940551:1940551] [CacheManager][MIG] nvmlDeviceGetMigMode result: (3) Not Supported. CurrentMode: 0, PendingMode: 0 [./dcgmlib/src/DcgmCacheManager.cpp:877] [DcgmCacheManager::InitializeGpuInstances]
2026-09-27 21:55:51.540 DEBUG [1940551:1940551] Cannot check for MIG devices: Not Supported [./dcgmlib/src/DcgmCacheManager.cpp:896] [DcgmCacheManager::InitializeGpuInstances]
2026-09-27 21:55:51.540 DEBUG [1940551:1940551] Added GPU 0000:10:00.0 with GPU ID 0 to the pciBusGpuIdMap [./dcgmlib/src/DcgmCacheManager.cpp:1422] [DcgmCacheManager::MergeNewlyDetectedGpuList]
2026-09-27 21:55:51.540 DEBUG [1940551:1940551] Allowlist NOT bypassed with env variable [./dcgmlib/src/DcgmCacheManager.cpp:1222] [DcgmCacheManager::IsGpuAllowlisted]
2026-09-27 21:55:51.540 DEBUG [1940551:1940551] gpuId 0, arch 7 is on the allowlist. [./dcgmlib/src/DcgmCacheManager.cpp:1252] [DcgmCacheManager::IsGpuAllowlisted]
2026-09-27 21:55:51.540 DEBUG [1940551:1940551] gpuId 0 has migIsEnabledForAnyGpu 0 [./dcgmlib/src/DcgmTopology.cpp:493] [UpdateNvLinkLinkStateFromNvml]
2026-09-27 21:55:51.540 DEBUG [1940551:1940551] gpuId 0 has migIsEnabledForGpu = false migIsEnabledForAnyGpu false [./dcgmlib/src/DcgmCacheManager.cpp:16026] [DcgmCacheManager::UpdateNvLinkLinkState]
2026-09-27 21:55:51.540 INFO  [1940551:1940559] Got 0 excluded GPUs [./dcgmlib/src/DcgmCacheManager.cpp:1289] [DcgmCacheManager::ReadAndCacheGpuExclusionList]
2026-09-27 21:55:51.540 DEBUG [1940551:1940551] gpuId 0, desiredEvents x264, m_currentEventMask x0 [./dcgmlib/src/DcgmCacheManager.cpp:3005] [DcgmCacheManager::ManageDeviceEvents]
2026-09-27 21:55:51.540 WARN  [1940551:1940551] ManageDeviceEvents: Desired events are not supported for gpuId: 0. Events mask: 8 [./dcgmlib/src/DcgmCacheManager.cpp:3016] [DcgmCacheManager::ManageDeviceEvents]
2026-09-27 21:55:51.540 DEBUG [1940551:1940560] Thread handle 3682592320 running [./common/DcgmThread/DcgmThread.cpp:305] [DcgmThread::RunInternal]
2026-09-27 21:55:51.540 INFO  [1940551:1940560] DcgmCacheManagerEventThread started [./dcgmlib/src/DcgmCacheManager.cpp:16470] [DcgmCacheManagerEventThread::run]
2026-09-27 21:55:51.540 INFO  [1940551:1940551] Created thread named "cache_mgr_event" ID 3682592320 DcgmThread ptr 0x0x5d10ea572300 [./common/DcgmThread/DcgmThread.cpp:119] [DcgmThread::Start]
2026-09-27 21:55:51.540 INFO  [1940551:1940551] Created thread named "" ID 3674199616 DcgmThread ptr 0x0x5d10ea570f90 [./common/DcgmThread/DcgmThread.cpp:119] [DcgmThread::Start]
2026-09-27 21:55:51.540 INFO  [1940551:1940551] AddEntityToGroup groupId 0, eg 1, eid 0 added to the group [./dcgmlib/src/DcgmGroupManager.inl:696] [impl::DcgmGroupInfo<HostEngineHandler>::AddEntityToGroup]
2026-09-27 21:55:51.540 DEBUG [1940551:1940551] Added GroupId 0 name DCGM_ALL_SUPPORTED_GPUS for connectionId 0 [./dcgmlib/src/DcgmGroupManager.inl:314] [impl::DcgmGroupManager<HostEngineHandler>::AddNewGroup]
2026-09-27 21:55:51.540 DEBUG [1940551:1940561] Thread handle 3674199616 running [./common/DcgmThread/DcgmThread.cpp:305] [DcgmThread::RunInternal]
2026-09-27 21:55:51.540 DEBUG [1940551:1940560] Env variable __DCGM_FATAL_XIDS__ unset. Not loading [./dcgmlib/src/DcgmKmsgReader.cpp:40] [ReadEnvXidAndUpdate]
2026-09-27 21:55:51.541 DEBUG [1940551:1940551] Entering dcgmModuleIdToName(dcgmModuleId_t id, char const **name) (1, 0x7ffcae271020) [./dcgmlib/entry_point.h:889] [dcgmModuleIdToName]
2026-09-27 21:55:51.541 DEBUG [1940551:1940551] Returning 0 [./dcgmlib/entry_point.h:889] [dcgmModuleIdToName]
2026-09-27 21:55:51.541 DEBUG [1940551:1940551] [[NvSwitch]] Initialized logging for module 1 [./modules/DcgmModule.h:90] [DcgmModuleWithCoreProxy<moduleId>::DcgmModuleWithCoreProxy]
2026-09-27 21:55:51.541 DEBUG [1940551:1940551] [[NvSwitch]] Loading NVSDM [./modules/nvswitch/DcgmModuleNvSwitch.cpp:30] [DcgmNs::createSwitchManager]
2026-09-27 21:55:51.541 DEBUG [1940551:1940551] [[NvSwitch]] Initializing NVSDM Manager [./modules/nvswitch/DcgmNvsdmManager.cpp:935] [DcgmNs::DcgmNvsdmManager::Init]
2026-09-27 21:55:51.541 ERROR [1940551:1940551] [[NvSwitch]] Could not load NVSDM [./modules/nvswitch/DcgmNvsdmManager.cpp:974] [DcgmNs::DcgmNvsdmManager::AttachToNvsdm]
2026-09-27 21:55:51.541 ERROR [1940551:1940551] [[NvSwitch]] AttachToNvsdm() returned -25 [./modules/nvswitch/DcgmNvsdmManager.cpp:940] [DcgmNs::DcgmNvsdmManager::Init]
2026-09-27 21:55:51.541 DEBUG [1940551:1940551] [[NvSwitch]] Loading NSCQ [./modules/nvswitch/DcgmModuleNvSwitch.cpp:38] [DcgmNs::createSwitchManager]
2026-09-27 21:55:51.541 WARN  [1940551:1940551] [[NvSwitch]] Not attached to NVSDM [./modules/nvswitch/DcgmNvsdmManager.cpp:994] [DcgmNs::DcgmNvsdmManager::DetachFromNvsdm]
2026-09-27 21:55:51.541 ERROR [1940551:1940551] [[NvSwitch]] Could not load NSCQ. dlwrap_attach ret: Can not access a needed shared library (-79): If this system has NvSwitches, please ensure that the package libnvidia-nscq is installed on your system and that the service user has permissions to access it. [./modules/nvswitch/DcgmNscqManager.cpp:503] [DcgmNs::DcgmNscqManager::AttachToNscq]
2026-09-27 21:55:51.541 ERROR [1940551:1940551] [[NvSwitch]] AttachToNscq() returned -25 [./modules/nvswitch/DcgmNscqManager.cpp:339] [DcgmNs::DcgmNscqManager::Init]
2026-09-27 21:55:51.541 WARN  [1940551:1940551] [[NvSwitch]] Could not initialize NSCQ. Ret: DCGM library could not be found [./modules/nvswitch/DcgmModuleNvSwitch.cpp:46] [DcgmNs::createSwitchManager]
2026-09-27 21:55:51.541 DEBUG [1940551:1940551] [[NvSwitch]] Constructing NvSwitch Module [./modules/nvswitch/DcgmModuleNvSwitch.cpp:56] [DcgmNs::DcgmModuleNvSwitch::DcgmModuleNvSwitch]
2026-09-27 21:55:51.541 DEBUG [1940551:1940551] [[NvSwitch]] HangDetectMonitor: Initializing with check interval 60s and expiry time 600s [./common/HangDetectMonitor.h:104] [HangDetectMonitor::HangDetectMonitor]
2026-09-27 21:55:51.541 INFO  [1940551:1940551] [[NvSwitch]] Created thread named "" ID 3653232192 DcgmThread ptr 0x0x5d10ea5c1090 [./common/DcgmThread/DcgmThread.cpp:119] [DcgmThread::Start]
2026-09-27 21:55:51.541 DEBUG [1940551:1940563] [[NvSwitch]] Thread handle 3653232192 running [./common/DcgmThread/DcgmThread.cpp:305] [DcgmThread::RunInternal]
2026-09-27 21:55:51.541 DEBUG [1940551:1940563] [[NvSwitch]] HangDetectMonitor: Running [./common/HangDetectMonitor.h:294] [HangDetectMonitor::run]
2026-09-27 21:55:51.541 INFO  [1940551:1940551] [[NvSwitch]] Created thread named "" ID 3644839488 DcgmThread ptr 0x0x5d10ea54e260 [./common/DcgmThread/DcgmThread.cpp:119] [DcgmThread::Start]
2026-09-27 21:55:51.542 INFO  [1940551:1940551] Loaded module 1 [./dcgmlib/src/DcgmHostEngineHandler.cpp:2782] [DcgmHostEngineHandler::LoadModule]
2026-09-27 21:55:51.542 DEBUG [1940551:1940564] [[NvSwitch]] Thread handle 3644839488 running [./common/DcgmThread/DcgmThread.cpp:305] [DcgmThread::RunInternal]
2026-09-27 21:55:51.541 DEBUG [1940551:1940563] [[NvSwitch]] HangDetectMonitor: Successfully enqueued periodic task check [./common/HangDetectMonitor.h:311] [HangDetectMonitor::run]
2026-09-27 21:55:51.542 DEBUG [1940551:1940564] [[NvSwitch]] Rescanning devices states [./modules/nvswitch/DcgmModuleNvSwitch.cpp:471] [DcgmNs::DcgmModuleNvSwitch::RescanDevicesState]
2026-09-27 21:55:51.542 DEBUG [1940551:1940564] [[NvSwitch]] Reading switch status for all switches [./modules/nvswitch/DcgmNscqManager.cpp:676] [DcgmNs::DcgmNscqManager::ReadNvSwitchStatusAllSwitches]
2026-09-27 21:55:51.542 ERROR [1940551:1940564] [[NvSwitch]] Status changed to disconnected: Not attached to driver, aborting [./modules/nvswitch/DcgmNvSwitchManagerBase.cpp:572] [DcgmNs::DcgmNvSwitchManagerBase::CheckAndLogConnectionStatus]
2026-09-27 21:55:51.542 WARN  [1940551:1940564] [[NvSwitch]] ReadNvSwitchStatusAllSwitches() returned: [Object is in an undefined state]. [./modules/nvswitch/DcgmModuleNvSwitch.cpp:475] [DcgmNs::DcgmModuleNvSwitch::RescanDevicesState]
2026-09-27 21:55:51.542 DEBUG [1940551:1940564] [[NvSwitch]] No fields to update [./modules/nvswitch/DcgmNvSwitchManagerBase.cpp:337] [DcgmNs::DcgmNvSwitchManagerBase::UpdateFields]
2026-09-27 21:55:51.542 DEBUG [1940551:1940564] [[NvSwitch]] No fields to update [./modules/nvswitch/DcgmNvSwitchManagerBase.cpp:337] [DcgmNs::DcgmNvSwitchManagerBase::UpdateFields]
2026-09-27 21:55:51.542 WARN  [1940551:1940551] Got 0 entities from GetAllEntitiesOfEntityGroup() of eg 3 [./dcgmlib/src/DcgmGroupManager.inl:211] [impl::DcgmGroupManager<HostEngineHandler>::AddAllEntitiesToGroup]
2026-09-27 21:55:51.542 DEBUG [1940551:1940551] Added GroupId 1 name DCGM_ALL_SUPPORTED_NVSWITCHES for connectionId 0 [./dcgmlib/src/DcgmGroupManager.inl:314] [impl::DcgmGroupManager<HostEngineHandler>::AddNewGroup]
2026-09-27 21:55:51.542 DEBUG [1940551:1940551] Added field group id 1, name DCGM_INTERNAL_30SEC, connectionId 0 [./dcgmlib/src/DcgmFieldGroup.cpp:172] [DcgmFieldGroupManager::AddFieldGroup]
2026-09-27 21:55:51.542 DEBUG [1940551:1940551] GetGroupEntities got 1 entities for dynamic group 0 [./dcgmlib/src/DcgmGroupManager.inl:436] [impl::DcgmGroupManager<HostEngineHandler>::GetGroupEntities]
2026-09-27 21:55:51.542 DEBUG [1940551:1940551] Got 1 entities and 1 fields [./dcgmlib/src/DcgmHostEngineHandler.cpp:4579] [DcgmHostEngineHandler::WatchFieldGroup]
2026-09-27 21:55:51.542 DEBUG [1940551:1940551] Adding WatchInfo on entityKey 0x1012c00000000 (eg 1, entityId 0, fieldId 300) [./dcgmlib/src/DcgmCacheManager.cpp:2478] [DcgmCacheManager::GetEntityWatchInfo]
2026-09-27 21:55:51.542 DEBUG [1940551:1940551] Adding new watcher type 1, connectionId 0 [./dcgmlib/src/DcgmCacheManager.cpp:3455] [DcgmCacheManager::AddOrUpdateWatcher]
2026-09-27 21:55:51.542 DEBUG [1940551:1940551] UpdateWatchFromWatchers gid 1, eid 0, fid 300, minMonitorFreqUsec 30000000, minMaxAgeUsec 15840000000, hsw 0 [./dcgmlib/src/DcgmCacheManager.cpp:3502] [DcgmCacheManager::UpdateWatchFromWatchers]
2026-09-27 21:55:51.542 DEBUG [1940551:1940551] AddFieldWatch eg 1, eid 0, fieldId 300, mfu 30000000, msa 14400, mka 480, sfu 0, connectionId 0 [./dcgmlib/src/DcgmCacheManager.cpp:3673] [DcgmCacheManager::AddEntityFieldWatch]
2026-09-27 21:55:51.542 DEBUG [1940551:1940551] Skipping waitForUpdate since cache thread hasn't run yet. [./dcgmlib/src/DcgmCacheManager.cpp:2793] [DcgmCacheManager::UpdateAllFields]
2026-09-27 21:55:51.542 DEBUG [1940551:1940551] Added field group id 2, name DCGM_INTERNAL_HOURLY, connectionId 0 [./dcgmlib/src/DcgmFieldGroup.cpp:172] [DcgmFieldGroupManager::AddFieldGroup]
2026-09-27 21:55:51.542 DEBUG [1940551:1940551] Got 1 gpus and 6 fields [./dcgmlib/src/DcgmHostEngineHandler.cpp:4860] [DcgmHostEngineHandler::WatchFieldGroupAllGpus]
2026-09-27 21:55:51.542 DEBUG [1940551:1940551] Adding WatchInfo on entityKey 0x101f500000000 (eg 1, entityId 0, fieldId 501) [./dcgmlib/src/DcgmCacheManager.cpp:2478] [DcgmCacheManager::GetEntityWatchInfo]
2026-09-27 21:55:51.542 DEBUG [1940551:1940551] Adding new watcher type 1, connectionId 0 [./dcgmlib/src/DcgmCacheManager.cpp:3455] [DcgmCacheManager::AddOrUpdateWatcher]
2026-09-27 21:55:51.542 DEBUG [1940551:1940551] UpdateWatchFromWatchers gid 1, eid 0, fid 501, minMonitorFreqUsec 3600000000, minMaxAgeUsec 15840000000, hsw 0 [./dcgmlib/src/DcgmCacheManager.cpp:3502] [DcgmCacheManager::UpdateWatchFromWatchers]
2026-09-27 21:55:51.542 DEBUG [1940551:1940551] AddFieldWatch eg 1, eid 0, fieldId 501, mfu 3600000000, msa 14400, mka 4, sfu 0, connectionId 0 [./dcgmlib/src/DcgmCacheManager.cpp:3673] [DcgmCacheManager::AddEntityFieldWatch]
2026-09-27 21:55:51.542 DEBUG [1940551:1940551] Adding WatchInfo on entityKey 0x101fd00000000 (eg 1, entityId 0, fieldId 509) [./dcgmlib/src/DcgmCacheManager.cpp:2478] [DcgmCacheManager::GetEntityWatchInfo]
2026-09-27 21:55:51.542 DEBUG [1940551:1940551] Adding new watcher type 1, connectionId 0 [./dcgmlib/src/DcgmCacheManager.cpp:3455] [DcgmCacheManager::AddOrUpdateWatcher]
2026-09-27 21:55:51.542 DEBUG [1940551:1940551] UpdateWatchFromWatchers gid 1, eid 0, fid 509, minMonitorFreqUsec 3600000000, minMaxAgeUsec 15840000000, hsw 0 [./dcgmlib/src/DcgmCacheManager.cpp:3502] [DcgmCacheManager::UpdateWatchFromWatchers]
2026-09-27 21:55:51.542 DEBUG [1940551:1940551] AddFieldWatch eg 1, eid 0, fieldId 509, mfu 3600000000, msa 14400, mka 4, sfu 0, connectionId 0 [./dcgmlib/src/DcgmCacheManager.cpp:3673] [DcgmCacheManager::AddEntityFieldWatch]
2026-09-27 21:55:51.542 DEBUG [1940551:1940551] Adding WatchInfo on entityKey 0x101fe00000000 (eg 1, entityId 0, fieldId 510) [./dcgmlib/src/DcgmCacheManager.cpp:2478] [DcgmCacheManager::GetEntityWatchInfo]
2026-09-27 21:55:51.542 DEBUG [1940551:1940551] Adding new watcher type 1, connectionId 0 [./dcgmlib/src/DcgmCacheManager.cpp:3455] [DcgmCacheManager::AddOrUpdateWatcher]
2026-09-27 21:55:51.542 DEBUG [1940551:1940551] UpdateWatchFromWatchers gid 1, eid 0, fid 510, minMonitorFreqUsec 3600000000, minMaxAgeUsec 15840000000, hsw 0 [./dcgmlib/src/DcgmCacheManager.cpp:3502] [DcgmCacheManager::UpdateWatchFromWatchers]
2026-09-27 21:55:51.542 DEBUG [1940551:1940551] AddFieldWatch eg 1, eid 0, fieldId 510, mfu 3600000000, msa 14400, mka 4, sfu 0, connectionId 0 [./dcgmlib/src/DcgmCacheManager.cpp:3673] [DcgmCacheManager::AddEntityFieldWatch]
2026-09-27 21:55:51.542 DEBUG [1940551:1940551] Adding WatchInfo on entityKey 0x101ff00000000 (eg 1, entityId 0, fieldId 511) [./dcgmlib/src/DcgmCacheManager.cpp:2478] [DcgmCacheManager::GetEntityWatchInfo]
2026-09-27 21:55:51.542 DEBUG [1940551:1940551] Adding new watcher type 1, connectionId 0 [./dcgmlib/src/DcgmCacheManager.cpp:3455] [DcgmCacheManager::AddOrUpdateWatcher]
2026-09-27 21:55:51.542 DEBUG [1940551:1940551] UpdateWatchFromWatchers gid 1, eid 0, fid 511, minMonitorFreqUsec 3600000000, minMaxAgeUsec 15840000000, hsw 0 [./dcgmlib/src/DcgmCacheManager.cpp:3502] [DcgmCacheManager::UpdateWatchFromWatchers]
2026-09-27 21:55:51.542 DEBUG [1940551:1940551] AddFieldWatch eg 1, eid 0, fieldId 511, mfu 3600000000, msa 14400, mka 4, sfu 0, connectionId 0 [./dcgmlib/src/DcgmCacheManager.cpp:3673] [DcgmCacheManager::AddEntityFieldWatch]
2026-09-27 21:55:51.542 DEBUG [1940551:1940551] Adding WatchInfo on entityKey 0x1020000000000 (eg 1, entityId 0, fieldId 512) [./dcgmlib/src/DcgmCacheManager.cpp:2478] [DcgmCacheManager::GetEntityWatchInfo]
2026-09-27 21:55:51.542 DEBUG [1940551:1940551] Adding new watcher type 1, connectionId 0 [./dcgmlib/src/DcgmCacheManager.cpp:3455] [DcgmCacheManager::AddOrUpdateWatcher]
2026-09-27 21:55:51.542 DEBUG [1940551:1940551] UpdateWatchFromWatchers gid 1, eid 0, fid 512, minMonitorFreqUsec 3600000000, minMaxAgeUsec 15840000000, hsw 0 [./dcgmlib/src/DcgmCacheManager.cpp:3502] [DcgmCacheManager::UpdateWatchFromWatchers]
2026-09-27 21:55:51.542 DEBUG [1940551:1940551] AddFieldWatch eg 1, eid 0, fieldId 512, mfu 3600000000, msa 14400, mka 4, sfu 0, connectionId 0 [./dcgmlib/src/DcgmCacheManager.cpp:3673] [DcgmCacheManager::AddEntityFieldWatch]
2026-09-27 21:55:51.542 DEBUG [1940551:1940551] Adding WatchInfo on entityKey 0x1020100000000 (eg 1, entityId 0, fieldId 513) [./dcgmlib/src/DcgmCacheManager.cpp:2478] [DcgmCacheManager::GetEntityWatchInfo]
2026-09-27 21:55:51.542 DEBUG [1940551:1940551] Adding new watcher type 1, connectionId 0 [./dcgmlib/src/DcgmCacheManager.cpp:3455] [DcgmCacheManager::AddOrUpdateWatcher]
2026-09-27 21:55:51.542 DEBUG [1940551:1940551] UpdateWatchFromWatchers gid 1, eid 0, fid 513, minMonitorFreqUsec 3600000000, minMaxAgeUsec 15840000000, hsw 0 [./dcgmlib/src/DcgmCacheManager.cpp:3502] [DcgmCacheManager::UpdateWatchFromWatchers]
2026-09-27 21:55:51.542 DEBUG [1940551:1940551] AddFieldWatch eg 1, eid 0, fieldId 513, mfu 3600000000, msa 14400, mka 4, sfu 0, connectionId 0 [./dcgmlib/src/DcgmCacheManager.cpp:3673] [DcgmCacheManager::AddEntityFieldWatch]
2026-09-27 21:55:51.542 DEBUG [1940551:1940551] Skipping waitForUpdate since cache thread hasn't run yet. [./dcgmlib/src/DcgmCacheManager.cpp:2793] [DcgmCacheManager::UpdateAllFields]
2026-09-27 21:55:51.542 DEBUG [1940551:1940551] Added field group id 3, name DCGM_INTERNAL_JOB, connectionId 0 [./dcgmlib/src/DcgmFieldGroup.cpp:172] [DcgmFieldGroupManager::AddFieldGroup]
2026-09-27 21:55:51.542 DEBUG [1940551:1940565] Thread handle 3636446784 running [./common/DcgmThread/DcgmThread.cpp:305] [DcgmThread::RunInternal]
2026-09-27 21:55:51.542 INFO  [1940551:1940551] Created thread named "cache_mgr_main" ID 3636446784 DcgmThread ptr 0x0x5d10ea5a6530 [./common/DcgmThread/DcgmThread.cpp:119] [DcgmThread::Start]
2026-09-27 21:55:51.542 DEBUG [1940551:1940551] Waited 0 usec for the cache manager thread to start. [./dcgmlib/src/DcgmCacheManager.cpp:2619] [DcgmCacheManager::Start]
2026-09-27 21:55:51.542 INFO  [1940551:1940565] Cache manager update thread starting [./dcgmlib/src/DcgmCacheManager.cpp:6973] [DcgmCacheManager::run]
2026-09-27 21:55:51.542 DEBUG [1940551:1940565] Preparing to update watchInfo 0x5d10ea5c12b0, eg 1, eid 0, fieldId 300 [./dcgmlib/src/DcgmCacheManager.cpp:6084] [DcgmCacheManager::ActuallyUpdateAllFields]
2026-09-27 21:55:51.542 DEBUG [1940551:1940565] Checking status for gpu 0 [./dcgmlib/src/DcgmCacheManager.cpp:2633] [DcgmCacheManager::GetGpuStatus]
2026-09-27 21:55:51.542 DEBUG [1940551:1940565] Preparing to update watchInfo 0x5d10ea5c1ec0, eg 1, eid 0, fieldId 501 [./dcgmlib/src/DcgmCacheManager.cpp:6084] [DcgmCacheManager::ActuallyUpdateAllFields]
2026-09-27 21:55:51.542 DEBUG [1940551:1940565] Checking status for gpu 0 [./dcgmlib/src/DcgmCacheManager.cpp:2633] [DcgmCacheManager::GetGpuStatus]
2026-09-27 21:55:51.543 DEBUG [1940551:1940565] Appended entity blob eg 1, eid 0, fieldId 501, ts 1790513751542826, valueSize 300, cached 1, buffered 0 [./dcgmlib/src/DcgmCacheManager.cpp:7361] [DcgmCacheManager::AppendEntityBlob]
2026-09-27 21:55:51.543 DEBUG [1940551:1940565] Preparing to update watchInfo 0x5d10ea5c2210, eg 1, eid 0, fieldId 512 [./dcgmlib/src/DcgmCacheManager.cpp:6084] [DcgmCacheManager::ActuallyUpdateAllFields]
2026-09-27 21:55:51.543 DEBUG [1940551:1940565] Checking status for gpu 0 [./dcgmlib/src/DcgmCacheManager.cpp:2633] [DcgmCacheManager::GetGpuStatus]
2026-09-27 21:55:51.543 DEBUG [1940551:1940565] nvmlDeviceGetSupportedVgpus does not return supported vgpu types, using fallback names [./dcgmlib/src/DcgmCacheManager.cpp:12072] [DcgmCacheManager::BufferOrCacheLatestGpuValue]
2026-09-27 21:55:51.543 DEBUG [1940551:1940565] Appended entity blob eg 1, eid 0, fieldId 512, ts 1790513751543323, valueSize 2048, cached 1, buffered 0 [./dcgmlib/src/DcgmCacheManager.cpp:7361] [DcgmCacheManager::AppendEntityBlob]
2026-09-27 21:55:51.543 DEBUG [1940551:1940565] Preparing to update watchInfo 0x5d10ea5c1fa0, eg 1, eid 0, fieldId 509 [./dcgmlib/src/DcgmCacheManager.cpp:6084] [DcgmCacheManager::ActuallyUpdateAllFields]
2026-09-27 21:55:51.543 DEBUG [1940551:1940565] Checking status for gpu 0 [./dcgmlib/src/DcgmCacheManager.cpp:2633] [DcgmCacheManager::GetGpuStatus]
2026-09-27 21:55:51.543 DEBUG [1940551:1940565] Appended entity blob eg 1, eid 0, fieldId 509, ts 1790513751543424, valueSize 4, cached 1, buffered 0 [./dcgmlib/src/DcgmCacheManager.cpp:7361] [DcgmCacheManager::AppendEntityBlob]
2026-09-27 21:55:51.543 DEBUG [1940551:1940565] Preparing to update watchInfo 0x5d10ea5c2070, eg 1, eid 0, fieldId 510 [./dcgmlib/src/DcgmCacheManager.cpp:6084] [DcgmCacheManager::ActuallyUpdateAllFields]
2026-09-27 21:55:51.543 DEBUG [1940551:1940565] Checking status for gpu 0 [./dcgmlib/src/DcgmCacheManager.cpp:2633] [DcgmCacheManager::GetGpuStatus]
2026-09-27 21:55:51.543 DEBUG [1940551:1940565] Appended entity blob eg 1, eid 0, fieldId 510, ts 1790513751543539, valueSize 64, cached 1, buffered 0 [./dcgmlib/src/DcgmCacheManager.cpp:7361] [DcgmCacheManager::AppendEntityBlob]
2026-09-27 21:55:51.543 DEBUG [1940551:1940565] Preparing to update watchInfo 0x5d10ea5c2140, eg 1, eid 0, fieldId 511 [./dcgmlib/src/DcgmCacheManager.cpp:6084] [DcgmCacheManager::ActuallyUpdateAllFields]
2026-09-27 21:55:51.543 DEBUG [1940551:1940565] Checking status for gpu 0 [./dcgmlib/src/DcgmCacheManager.cpp:2633] [DcgmCacheManager::GetGpuStatus]
2026-09-27 21:55:51.543 DEBUG [1940551:1940565] nvmlDeviceGetSupportedVgpus does not return supported vgpu types, using fallback names [./dcgmlib/src/DcgmCacheManager.cpp:11978] [DcgmCacheManager::BufferOrCacheLatestGpuValue]
2026-09-27 21:55:51.543 DEBUG [1940551:1940565] Appended entity blob eg 1, eid 0, fieldId 511, ts 1790513751543636, valueSize 2048, cached 1, buffered 0 [./dcgmlib/src/DcgmCacheManager.cpp:7361] [DcgmCacheManager::AppendEntityBlob]
2026-09-27 21:55:51.543 DEBUG [1940551:1940565] Preparing to update watchInfo 0x5d10ea5c22e0, eg 1, eid 0, fieldId 513 [./dcgmlib/src/DcgmCacheManager.cpp:6084] [DcgmCacheManager::ActuallyUpdateAllFields]
2026-09-27 21:55:51.543 DEBUG [1940551:1940565] Checking status for gpu 0 [./dcgmlib/src/DcgmCacheManager.cpp:2633] [DcgmCacheManager::GetGpuStatus]
2026-09-27 21:55:51.543 DEBUG [1940551:1940565] nvmlDeviceGetSupportedVgpus does not return supported vgpu types, using fallback names [./dcgmlib/src/DcgmCacheManager.cpp:12167] [DcgmCacheManager::BufferOrCacheLatestGpuValue]
2026-09-27 21:55:51.543 DEBUG [1940551:1940565] Appended entity blob eg 1, eid 0, fieldId 513, ts 1790513751543742, valueSize 4096, cached 1, buffered 0 [./dcgmlib/src/DcgmCacheManager.cpp:7361] [DcgmCacheManager::AppendEntityBlob]
2026-09-27 21:55:51.543 DEBUG [1940551:1940565] Got 1 field value fields for gpuId 0 [./dcgmlib/src/DcgmCacheManager.cpp:6214] [DcgmCacheManager::ActuallyUpdateAllFields]
2026-09-27 21:55:51.544 DEBUG [1940551:1940565] Appended entity i64 eg 1, eid 0, fieldId 300, ts 1790513751544462, value1 9223372036854775794, value2 0, cached 1, buffered 0 [./dcgmlib/src/DcgmCacheManager.cpp:7252] [DcgmCacheManager::AppendEntityInt64]
2026-09-27 21:55:51.544 DEBUG [1940551:1940551] DoOneUpdateAllFields returned 1790513781544422 [./dcgmlib/src/DcgmCacheManager.cpp:2789] [DcgmCacheManager::UpdateAllFields]
2026-09-27 21:55:51.544 DEBUG [1940551:1940566] Thread handle 3221222976 running [./common/DcgmThread/DcgmThread.cpp:305] [DcgmThread::RunInternal]
2026-09-27 21:55:51.544 INFO  [1940551:1940566] DcgmNvmlSystemEventThread started [./dcgmlib/src/DcgmHostEngineHandler.cpp:2283] [DcgmNvmlSystemEventThread::run]
2026-09-27 21:55:51.544 INFO  [1940551:1940551] Created thread named "sysev_thread" ID 3221222976 DcgmThread ptr 0x0x5d10ea572be0 [./common/DcgmThread/DcgmThread.cpp:119] [DcgmThread::Start]
2026-09-27 21:55:51.544 DEBUG [1940551:1940551] dcgmStartEmbedded(): Embedded host engine started [./dcgmlib/src/DcgmApi.cpp:6023] [{anonymous}::StartEmbeddedV2]
2026-09-27 21:55:51.544 DEBUG [1940551:1940566] Failed to wait for NVML system event: pending [./dcgmlib/src/DcgmHostEngineHandler.cpp:2302] [DcgmNvmlSystemEventThread::run]
2026-09-27 21:55:51.544 DEBUG [1940551:1940551] Entering dcgmEngineRun(unsigned short portNumber, char const *socketPath, unsigned int connectionType) (5555 /tmp/gmv-dcgm-jddh8z8x/engine.sock 0) [./dcgmlib/entry_point.h:73] [dcgmEngineRun]
2026-09-27 21:55:51.545 INFO  [1940551:1940551] Created thread named "dcgm_ipc" ID 3212830272 DcgmThread ptr 0x0x5d10ea572400 [./common/DcgmThread/DcgmThread.cpp:119] [DcgmThread::Start]
2026-09-27 21:55:51.545 DEBUG [1940551:1940567] Thread handle 3212830272 running [./common/DcgmThread/DcgmThread.cpp:305] [DcgmThread::RunInternal]
2026-09-27 21:55:51.545 DEBUG [1940551:1940567] m_tcpParameters was not set. [./common/transport/DcgmIpc.cpp:469] [DcgmIpc::InitTCPListenerSocket]
2026-09-27 21:55:51.545 DEBUG [1940551:1940567] m_vsockParameters was not set. [./common/transport/DcgmIpc.cpp:669] [DcgmIpc::InitVsockListenerSocket]
2026-09-27 21:55:51.545 DEBUG [1940551:1940551] Returning 0 [./dcgmlib/entry_point.h:73] [dcgmEngineRun]
2026-09-27 21:55:51.545 DEBUG [1940551:1940567] starting event_base_loop() [./common/transport/DcgmIpc.cpp:391] [DcgmIpc::run]
2026-09-27 21:55:51.564 DEBUG [1940551:1940567] DcgmIpcConnection constructor for bev 0x7724ac002180 [./common/transport/DcgmIpc.cpp:1503] [DcgmIpcConnection::DcgmIpcConnection]
2026-09-27 21:55:51.564 DEBUG [1940551:1940567] Added connectionId 1 bev 0x7724ac002180 ics 2 [./common/transport/DcgmIpc.cpp:767] [DcgmIpc::AddConnection]
2026-09-27 21:55:51.564 DEBUG [1940551:1940567] Server connection accepted with connectionId 1 bev 0x7724ac002180 [./common/transport/DcgmIpc.cpp:1759] [DcgmIpc::OnAccept]
2026-09-27 21:55:51.564 DEBUG [1940551:1940556] connectionId 1 Missing persistafterdisconnect [./modules/core/DcgmModuleCore.cpp:1776] [DcgmModuleCore::ProcessClientLogin]
2026-09-27 21:55:51.565 DEBUG [1940551:1940555] Checking status for gpu 0 [./dcgmlib/src/DcgmCacheManager.cpp:2633] [DcgmCacheManager::GetGpuStatus]
2026-09-27 21:55:51.566 DEBUG [1940551:1940556] Checking status for gpu 0 [./dcgmlib/src/DcgmCacheManager.cpp:2633] [DcgmCacheManager::GetGpuStatus]
2026-09-27 21:55:51.574 DEBUG [1940551:1940557] Appended entity i64 eg 1, eid 0, fieldId 158, ts 1790513751571516, value1 95, value2 0, cached 0, buffered 1 [./dcgmlib/src/DcgmCacheManager.cpp:7252] [DcgmCacheManager::AppendEntityInt64]
2026-09-27 21:55:51.575 DEBUG [1940551:1940557] Appended entity i64 eg 1, eid 0, fieldId 159, ts 1790513751575054, value1 98, value2 0, cached 0, buffered 1 [./dcgmlib/src/DcgmCacheManager.cpp:7252] [DcgmCacheManager::AppendEntityInt64]
2026-09-27 21:55:51.576 DEBUG [1940551:1940557] Appended entity double eg 1, eid 0, fieldId 164, ts 1790513751575295, value1 170, value2 0, cached 0, buffered 1 [./dcgmlib/src/DcgmCacheManager.cpp:7155] [DcgmCacheManager::AppendEntityDouble]
2026-09-27 21:55:51.576 DEBUG [1940551:1940557] Appended entity double eg 1, eid 0, fieldId 160, ts 1790513751576480, value1 170, value2 0, cached 0, buffered 1 [./dcgmlib/src/DcgmCacheManager.cpp:7155] [DcgmCacheManager::AppendEntityDouble]
2026-09-27 21:55:51.576 DEBUG [1940551:1940557] Appended entity double eg 1, eid 0, fieldId 163, ts 1790513751576709, value1 170, value2 0, cached 0, buffered 1 [./dcgmlib/src/DcgmCacheManager.cpp:7155] [DcgmCacheManager::AppendEntityDouble]
2026-09-27 21:55:51.576 DEBUG [1940551:1940557] Appended entity double eg 1, eid 0, fieldId 162, ts 1790513751576797, value1 170, value2 0, cached 0, buffered 1 [./dcgmlib/src/DcgmCacheManager.cpp:7155] [DcgmCacheManager::AppendEntityDouble]
2026-09-27 21:55:51.576 DEBUG [1940551:1940557] Appended entity double eg 1, eid 0, fieldId 161, ts 1790513751576886, value1 100, value2 0, cached 0, buffered 1 [./dcgmlib/src/DcgmCacheManager.cpp:7155] [DcgmCacheManager::AppendEntityDouble]
2026-09-27 21:55:51.579 INFO  [1940551:1940557] Got more than DCGM_MAX_CLOCKS supported clocks. [./dcgmlib/src/DcgmCacheManager.cpp:14871] [DcgmCacheManager::AppendDeviceSupportedClocks]
2026-09-27 21:55:51.579 INFO  [1940551:1940557] Got more than DCGM_MAX_CLOCKS supported clocks. [./dcgmlib/src/DcgmCacheManager.cpp:14871] [DcgmCacheManager::AppendDeviceSupportedClocks]
2026-09-27 21:55:51.579 INFO  [1940551:1940557] Got more than DCGM_MAX_CLOCKS supported clocks. [./dcgmlib/src/DcgmCacheManager.cpp:14871] [DcgmCacheManager::AppendDeviceSupportedClocks]
2026-09-27 21:55:51.580 INFO  [1940551:1940557] Got more than DCGM_MAX_CLOCKS supported clocks. [./dcgmlib/src/DcgmCacheManager.cpp:14871] [DcgmCacheManager::AppendDeviceSupportedClocks]
2026-09-27 21:55:51.580 DEBUG [1940551:1940557] Appended entity blob eg 1, eid 0, fieldId 130, ts 1790513751576989, valueSize 3080, cached 0, buffered 1 [./dcgmlib/src/DcgmCacheManager.cpp:7361] [DcgmCacheManager::AppendEntityBlob]
2026-09-27 21:55:51.580 DEBUG [1940551:1940557] Appended entity string eg 1, eid 0, fieldId 54, ts 1790513751580069, value "GPU-2500608a-edd1-3c2d-ffad-73955203d323", cached 0, buffered 1 [./dcgmlib/src/DcgmCacheManager.cpp:7306] [DcgmCacheManager::AppendEntityString]
2026-09-27 21:55:51.580 DEBUG [1940551:1940557] Appended entity string eg 1, eid 0, fieldId 85, ts 1790513751580150, value "94.04.71.00.87", cached 0, buffered 1 [./dcgmlib/src/DcgmCacheManager.cpp:7306] [DcgmCacheManager::AppendEntityString]
2026-09-27 21:55:51.580 DEBUG [1940551:1940557] Appended entity string eg 1, eid 0, fieldId 82, ts 1790513751580337, value "G001.0000.03.03", cached 0, buffered 1 [./dcgmlib/src/DcgmCacheManager.cpp:7306] [DcgmCacheManager::AppendEntityString]
2026-09-27 21:55:51.580 DEBUG [1940551:1940557] Appended entity string eg 1, eid 0, fieldId 51, ts 1790513751580846, value "GeForce", cached 0, buffered 1 [./dcgmlib/src/DcgmCacheManager.cpp:7306] [DcgmCacheManager::AppendEntityString]
2026-09-27 21:55:51.581 DEBUG [1940551:1940557] Appended entity string eg 1, eid 0, fieldId 50, ts 1790513751580931, value "NVIDIA GeForce RTX 3060", cached 0, buffered 1 [./dcgmlib/src/DcgmCacheManager.cpp:7306] [DcgmCacheManager::AppendEntityString]
2026-09-27 21:55:51.581 DEBUG [1940551:1940557] Appended entity string eg 1, eid 0, fieldId 53, ts 1790513751581242, value "<<<NOT_SUPPORTED>>>", cached 0, buffered 1 [./dcgmlib/src/DcgmCacheManager.cpp:7306] [DcgmCacheManager::AppendEntityString]
2026-09-27 21:55:51.581 DEBUG [1940551:1940557] Appended entity string eg 1, eid 0, fieldId 57, ts 1790513751581370, value "00000000:10:00.0", cached 0, buffered 1 [./dcgmlib/src/DcgmCacheManager.cpp:7306] [DcgmCacheManager::AppendEntityString]
2026-09-27 21:55:51.581 DEBUG [1940551:1940557] Appended entity i64 eg 1, eid 0, fieldId 58, ts 1790513751581511, value1 612831454, value2 0, cached 0, buffered 1 [./dcgmlib/src/DcgmCacheManager.cpp:7252] [DcgmCacheManager::AppendEntityInt64]
2026-09-27 21:55:51.581 DEBUG [1940551:1940557] Appended entity i64 eg 1, eid 0, fieldId 59, ts 1790513751581610, value1 355471582, value2 0, cached 0, buffered 1 [./dcgmlib/src/DcgmCacheManager.cpp:7252] [DcgmCacheManager::AppendEntityInt64]
2026-09-27 21:55:51.583 DEBUG [1940551:1940557] Appended entity i64 eg 1, eid 0, fieldId 90, ts 1790513751581693, value1 16384, value2 0, cached 0, buffered 1 [./dcgmlib/src/DcgmCacheManager.cpp:7252] [DcgmCacheManager::AppendEntityInt64]
2026-09-27 21:55:51.584 DEBUG [1940551:1940557] Appended entity i64 eg 1, eid 0, fieldId 250, ts 1790513751583814, value1 12288, value2 0, cached 0, buffered 1 [./dcgmlib/src/DcgmCacheManager.cpp:7252] [DcgmCacheManager::AppendEntityInt64]
2026-09-27 21:55:51.584 DEBUG [1940551:1940557] Appended entity i64 eg 1, eid 0, fieldId 252, ts 1790513751584057, value1 1855, value2 0, cached 0, buffered 1 [./dcgmlib/src/DcgmCacheManager.cpp:7252] [DcgmCacheManager::AppendEntityInt64]
2026-09-27 21:55:51.584 DEBUG [1940551:1940557] Appended entity i64 eg 1, eid 0, fieldId 251, ts 1790513751584269, value1 10252, value2 0, cached 0, buffered 1 [./dcgmlib/src/DcgmCacheManager.cpp:7252] [DcgmCacheManager::AppendEntityInt64]
2026-09-27 21:55:51.584 DEBUG [1940551:1940557] Fixed entityGroupId to be DCGM_FE_NONE fieldId 1 [./dcgmlib/src/DcgmCacheManager.cpp:6295] [DcgmCacheManager::GetMultipleLatestLiveSamples]
2026-09-27 21:55:51.584 DEBUG [1940551:1940557] Appended entity string eg 1, eid 0, fieldId 1, ts 1790513751584498, value "591.86", cached 0, buffered 1 [./dcgmlib/src/DcgmCacheManager.cpp:7306] [DcgmCacheManager::AppendEntityString]
2026-09-27 21:55:51.584 DEBUG [1940551:1940557] Appended entity i64 eg 1, eid 0, fieldId 500, ts 1790513751584593, value1 0, value2 0, cached 0, buffered 1 [./dcgmlib/src/DcgmCacheManager.cpp:7252] [DcgmCacheManager::AppendEntityInt64]
2026-09-27 21:55:51.584 DEBUG [1940551:1940557] Appended entity i64 eg 1, eid 0, fieldId 66, ts 1790513751584602, value1 1, value2 0, cached 0, buffered 1 [./dcgmlib/src/DcgmCacheManager.cpp:7252] [DcgmCacheManager::AppendEntityInt64]
2026-09-27 21:55:51.584 DEBUG [1940551:1940557] Appended entity i64 eg 1, eid 0, fieldId 67, ts 1790513751584693, value1 0, value2 0, cached 0, buffered 1 [./dcgmlib/src/DcgmCacheManager.cpp:7252] [DcgmCacheManager::AppendEntityInt64]
2026-09-27 21:55:51.584 DEBUG [1940551:1940557] Appended entity i64 eg 1, eid 0, fieldId 74, ts 1790513751584698, value1 0, value2 0, cached 0, buffered 1 [./dcgmlib/src/DcgmCacheManager.cpp:7252] [DcgmCacheManager::AppendEntityInt64]
2026-09-27 21:55:51.585 DEBUG [1940551:1940564] [[NvSwitch]] No fields to update [./modules/nvswitch/DcgmNvSwitchManagerBase.cpp:337] [DcgmNs::DcgmNvSwitchManagerBase::UpdateFields]
2026-09-27 21:55:51.585 DEBUG [1940551:1940564] [[NvSwitch]] No fields to update [./modules/nvswitch/DcgmNvSwitchManagerBase.cpp:337] [DcgmNs::DcgmNvSwitchManagerBase::UpdateFields]
2026-09-27 21:55:51.586 DEBUG [1940551:1940557] Entering dcgmModuleIdToName(dcgmModuleId_t id, char const **name) (9, 0x7724f11f8128) [./dcgmlib/entry_point.h:889] [dcgmModuleIdToName]
2026-09-27 21:55:51.586 DEBUG [1940551:1940557] Returning 0 [./dcgmlib/entry_point.h:889] [dcgmModuleIdToName]
2026-09-27 21:55:51.586 DEBUG [1940551:1940557] [[SysMon]] Initialized logging for module 9 [./modules/DcgmModule.h:90] [DcgmModuleWithCoreProxy<moduleId>::DcgmModuleWithCoreProxy]
2026-09-27 21:55:51.587 DEBUG [1940551:1940557] [[SysMon]] failed to glob on pattern [/sys/devices/soc*/soc_id]. [./common/CpuHelpers.cpp:57] [CpuHelpers::FillVendorAndModelIfNvidiaCpuPresent]
2026-09-27 21:55:51.587 DEBUG [1940551:1940557] [[SysMon]] Constructing Sysmon Module [./modules/sysmon/DcgmModuleSysmon.cpp:76] [DcgmNs::DcgmModuleSysmon::Initialize]
2026-09-27 21:55:51.587 DEBUG [1940551:1940557] [[SysMon]] failed to glob on pattern [/sys/devices/soc*/soc_id]. [./common/CpuHelpers.cpp:57] [CpuHelpers::FillVendorAndModelIfNvidiaCpuPresent]
2026-09-27 21:55:51.587 DEBUG [1940551:1940557] [[SysMon]] failed to get serials from lshw. [./common/CpuHelpers.cpp:198] [CpuHelpers::GetCpuSerials]
2026-09-27 21:55:51.587 WARN  [1940551:1940557] [[SysMon]] Could not retrieve serial numbers for CPUs [./modules/sysmon/DcgmModuleSysmon.cpp:660] [DcgmNs::DcgmModuleSysmon::PopulateCpusIfNeeded]
2026-09-27 21:55:51.595 DEBUG [1940551:1940557] [[SysMon]] Child process (1940571) terminated successfully. [./common/DcgmUtilities.cpp:936] [DcgmNs::Utils::CheckChildExitStatus]
2026-09-27 21:55:51.595 DEBUG [1940551:1940557] [[SysMon]] Ignoring directory '.' with type 4 in path /sys/class/hwmon [./modules/sysmon/DcgmSystemMonitor.cpp:145] [DcgmSystemMonitor::PopulateSocketPowerMap]
2026-09-27 21:55:51.595 DEBUG [1940551:1940557] [[SysMon]] Ignoring directory '..' with type 4 in path /sys/class/hwmon [./modules/sysmon/DcgmSystemMonitor.cpp:145] [DcgmSystemMonitor::PopulateSocketPowerMap]
2026-09-27 21:55:51.595 DEBUG [1940551:1940557] [[SysMon]] Not starting sysmon because Nvidia CPUs aren't present. CPU Vendor is Unknown. [./modules/sysmon/DcgmModuleSysmon.cpp:85] [DcgmNs::DcgmModuleSysmon::Initialize]
2026-09-27 21:55:51.595 ERROR [1940551:1940557] [[SysMon]] A runtime exception occured when creating module. Ex: Incompatible hardware vendor for sysmon. [./modules/DcgmModule.h:146] [{anonymous}::SafeWrapper]
2026-09-27 21:55:51.595 ERROR [1940551:1940557] Failed to load module 9 [./dcgmlib/src/DcgmHostEngineHandler.cpp:2777] [DcgmHostEngineHandler::LoadModule]
2026-09-27 21:55:51.596 ERROR [1940551:1940557] Received This request is serviced by a module of DCGM that is not currently loaded [./dcgmlib/src/DcgmHostEngineHandler.cpp:312] [DcgmHostEngineHandler::GetAllEntitiesOfEntityGroup]
2026-09-27 21:55:51.596 DEBUG [1940551:1940567] bev 0x7724ac002180 got events 11 [./common/transport/DcgmIpc.cpp:1334] [DcgmIpc::EventCB]
2026-09-27 21:55:51.596 DEBUG [1940551:1940567] Got connection error for bev 0x7724ac002180 connectionId 1 events 11 [./common/transport/DcgmIpc.cpp:1344] [DcgmIpc::EventCB]
2026-09-27 21:55:51.596 DEBUG [1940551:1940567] Removing bev 0x7724ac002180, connectionId 1 [./common/transport/DcgmIpc.cpp:836] [DcgmIpc::RemoveConnectionByBev]
2026-09-27 21:55:51.596 DEBUG [1940551:1940567] DcgmIpcConnection destructor for bev 0x7724ac002180 [./common/transport/DcgmIpc.cpp:1509] [DcgmIpcConnection::~DcgmIpcConnection]
2026-09-27 21:55:51.596 DEBUG [1940551:1940567] SetConnectionState bev0x7724ac002180 2 -> 3 [./common/transport/DcgmIpc.cpp:1585] [DcgmIpcConnection::SetConnectionState]
2026-09-27 21:55:51.596 DEBUG [1940551:1940567] bufferevent_free 0x7724ac002180 [./common/transport/DcgmIpc.cpp:1561] [DcgmIpcConnection::FreeCurrentBev]
2026-09-27 21:55:51.597 DEBUG [1940551:1940555] Removed 0 groups for connectionId 1 [./dcgmlib/src/DcgmGroupManager.inl:388] [impl::DcgmGroupManager<HostEngineHandler>::RemoveAllGroupsForConnection]
2026-09-27 21:55:51.597 DEBUG [1940551:1940555] No field groups found for connectionId 1 [./dcgmlib/src/DcgmFieldGroup.cpp:397] [DcgmFieldGroupManager::OnConnectionRemove]
2026-09-27 21:55:51.597 DEBUG [1940551:1940565] RemoveWatcher() type 0, connectionId 1 was not a watcher [./dcgmlib/src/DcgmCacheManager.cpp:3422] [DcgmCacheManager::RemoveWatcher]
2026-09-27 21:55:51.597 DEBUG [1940551:1940565] RemoveEntityFieldWatch eg 1, eid 0, fieldId 300, clearCache 0 [./dcgmlib/src/DcgmCacheManager.cpp:3809] [DcgmCacheManager::RemoveEntityFieldWatch]
2026-09-27 21:55:51.597 DEBUG [1940551:1940565] RemoveWatcher() type 0, connectionId 1 was not a watcher [./dcgmlib/src/DcgmCacheManager.cpp:3422] [DcgmCacheManager::RemoveWatcher]
2026-09-27 21:55:51.597 DEBUG [1940551:1940565] RemoveEntityFieldWatch eg 1, eid 0, fieldId 501, clearCache 0 [./dcgmlib/src/DcgmCacheManager.cpp:3809] [DcgmCacheManager::RemoveEntityFieldWatch]
2026-09-27 21:55:51.597 DEBUG [1940551:1940565] RemoveWatcher() type 0, connectionId 1 was not a watcher [./dcgmlib/src/DcgmCacheManager.cpp:3422] [DcgmCacheManager::RemoveWatcher]
2026-09-27 21:55:51.597 DEBUG [1940551:1940565] RemoveEntityFieldWatch eg 1, eid 0, fieldId 512, clearCache 0 [./dcgmlib/src/DcgmCacheManager.cpp:3809] [DcgmCacheManager::RemoveEntityFieldWatch]
2026-09-27 21:55:51.597 DEBUG [1940551:1940565] RemoveWatcher() type 0, connectionId 1 was not a watcher [./dcgmlib/src/DcgmCacheManager.cpp:3422] [DcgmCacheManager::RemoveWatcher]
2026-09-27 21:55:51.597 DEBUG [1940551:1940565] RemoveEntityFieldWatch eg 1, eid 0, fieldId 509, clearCache 0 [./dcgmlib/src/DcgmCacheManager.cpp:3809] [DcgmCacheManager::RemoveEntityFieldWatch]
2026-09-27 21:55:51.597 DEBUG [1940551:1940565] RemoveWatcher() type 0, connectionId 1 was not a watcher [./dcgmlib/src/DcgmCacheManager.cpp:3422] [DcgmCacheManager::RemoveWatcher]
2026-09-27 21:55:51.597 DEBUG [1940551:1940565] RemoveEntityFieldWatch eg 1, eid 0, fieldId 510, clearCache 0 [./dcgmlib/src/DcgmCacheManager.cpp:3809] [DcgmCacheManager::RemoveEntityFieldWatch]
2026-09-27 21:55:51.597 DEBUG [1940551:1940565] RemoveWatcher() type 0, connectionId 1 was not a watcher [./dcgmlib/src/DcgmCacheManager.cpp:3422] [DcgmCacheManager::RemoveWatcher]
2026-09-27 21:55:51.597 DEBUG [1940551:1940565] RemoveEntityFieldWatch eg 1, eid 0, fieldId 511, clearCache 0 [./dcgmlib/src/DcgmCacheManager.cpp:3809] [DcgmCacheManager::RemoveEntityFieldWatch]
2026-09-27 21:55:51.597 DEBUG [1940551:1940565] RemoveWatcher() type 0, connectionId 1 was not a watcher [./dcgmlib/src/DcgmCacheManager.cpp:3422] [DcgmCacheManager::RemoveWatcher]
2026-09-27 21:55:51.597 DEBUG [1940551:1940565] RemoveEntityFieldWatch eg 1, eid 0, fieldId 513, clearCache 0 [./dcgmlib/src/DcgmCacheManager.cpp:3809] [DcgmCacheManager::RemoveEntityFieldWatch]
2026-09-27 21:55:51.597 DEBUG [1940551:1940555] Unknown subcommand: 1 [./modules/core/DcgmModuleCore.cpp:438] [DcgmModuleCore::ProcessMessage]
2026-09-27 21:55:51.597 INFO  [1940551:1940564] [[NvSwitch]] Unwatching fields watched by connection 1 [./modules/nvswitch/DcgmModuleNvSwitch.cpp:438] [DcgmNs::DcgmModuleNvSwitch::ProcessClientDisconnect]
2026-09-27 21:55:51.630 DEBUG [1940551:1940567] DcgmIpcConnection constructor for bev 0x7724ac003660 [./common/transport/DcgmIpc.cpp:1503] [DcgmIpcConnection::DcgmIpcConnection]
2026-09-27 21:55:51.630 DEBUG [1940551:1940567] Added connectionId 2 bev 0x7724ac003660 ics 2 [./common/transport/DcgmIpc.cpp:767] [DcgmIpc::AddConnection]
2026-09-27 21:55:51.630 DEBUG [1940551:1940567] Server connection accepted with connectionId 2 bev 0x7724ac003660 [./common/transport/DcgmIpc.cpp:1759] [DcgmIpc::OnAccept]
2026-09-27 21:55:51.630 DEBUG [1940551:1940557] connectionId 2 Missing persistafterdisconnect [./modules/core/DcgmModuleCore.cpp:1776] [DcgmModuleCore::ProcessClientLogin]
2026-09-27 21:55:51.637 DEBUG [1940551:1940557] Appended entity i64 eg 1, eid 0, fieldId 158, ts 1790513751637054, value1 95, value2 0, cached 0, buffered 1 [./dcgmlib/src/DcgmCacheManager.cpp:7252] [DcgmCacheManager::AppendEntityInt64]
2026-09-27 21:55:51.637 DEBUG [1940551:1940557] Appended entity i64 eg 1, eid 0, fieldId 159, ts 1790513751637219, value1 98, value2 0, cached 0, buffered 1 [./dcgmlib/src/DcgmCacheManager.cpp:7252] [DcgmCacheManager::AppendEntityInt64]
2026-09-27 21:55:51.637 DEBUG [1940551:1940557] Appended entity double eg 1, eid 0, fieldId 164, ts 1790513751637528, value1 170, value2 0, cached 0, buffered 1 [./dcgmlib/src/DcgmCacheManager.cpp:7155] [DcgmCacheManager::AppendEntityDouble]
2026-09-27 21:55:51.637 DEBUG [1940551:1940557] Appended entity double eg 1, eid 0, fieldId 160, ts 1790513751637768, value1 170, value2 0, cached 0, buffered 1 [./dcgmlib/src/DcgmCacheManager.cpp:7155] [DcgmCacheManager::AppendEntityDouble]
2026-09-27 21:55:51.638 DEBUG [1940551:1940557] Appended entity double eg 1, eid 0, fieldId 163, ts 1790513751637981, value1 170, value2 0, cached 0, buffered 1 [./dcgmlib/src/DcgmCacheManager.cpp:7155] [DcgmCacheManager::AppendEntityDouble]
2026-09-27 21:55:51.638 DEBUG [1940551:1940557] Appended entity double eg 1, eid 0, fieldId 162, ts 1790513751638074, value1 170, value2 0, cached 0, buffered 1 [./dcgmlib/src/DcgmCacheManager.cpp:7155] [DcgmCacheManager::AppendEntityDouble]
2026-09-27 21:55:51.638 DEBUG [1940551:1940557] Appended entity double eg 1, eid 0, fieldId 161, ts 1790513751638179, value1 100, value2 0, cached 0, buffered 1 [./dcgmlib/src/DcgmCacheManager.cpp:7155] [DcgmCacheManager::AppendEntityDouble]
2026-09-27 21:55:51.638 INFO  [1940551:1940557] Got more than DCGM_MAX_CLOCKS supported clocks. [./dcgmlib/src/DcgmCacheManager.cpp:14871] [DcgmCacheManager::AppendDeviceSupportedClocks]
2026-09-27 21:55:51.638 INFO  [1940551:1940557] Got more than DCGM_MAX_CLOCKS supported clocks. [./dcgmlib/src/DcgmCacheManager.cpp:14871] [DcgmCacheManager::AppendDeviceSupportedClocks]
2026-09-27 21:55:51.638 INFO  [1940551:1940557] Got more than DCGM_MAX_CLOCKS supported clocks. [./dcgmlib/src/DcgmCacheManager.cpp:14871] [DcgmCacheManager::AppendDeviceSupportedClocks]
2026-09-27 21:55:51.638 INFO  [1940551:1940557] Got more than DCGM_MAX_CLOCKS supported clocks. [./dcgmlib/src/DcgmCacheManager.cpp:14871] [DcgmCacheManager::AppendDeviceSupportedClocks]
2026-09-27 21:55:51.638 DEBUG [1940551:1940557] Appended entity blob eg 1, eid 0, fieldId 130, ts 1790513751638283, valueSize 3080, cached 0, buffered 1 [./dcgmlib/src/DcgmCacheManager.cpp:7361] [DcgmCacheManager::AppendEntityBlob]
2026-09-27 21:55:51.638 DEBUG [1940551:1940557] Appended entity string eg 1, eid 0, fieldId 54, ts 1790513751638856, value "GPU-2500608a-edd1-3c2d-ffad-73955203d323", cached 0, buffered 1 [./dcgmlib/src/DcgmCacheManager.cpp:7306] [DcgmCacheManager::AppendEntityString]
2026-09-27 21:55:51.639 DEBUG [1940551:1940557] Appended entity string eg 1, eid 0, fieldId 85, ts 1790513751638974, value "94.04.71.00.87", cached 0, buffered 1 [./dcgmlib/src/DcgmCacheManager.cpp:7306] [DcgmCacheManager::AppendEntityString]
2026-09-27 21:55:51.639 DEBUG [1940551:1940557] Appended entity string eg 1, eid 0, fieldId 82, ts 1790513751639057, value "G001.0000.03.03", cached 0, buffered 1 [./dcgmlib/src/DcgmCacheManager.cpp:7306] [DcgmCacheManager::AppendEntityString]
2026-09-27 21:55:51.639 DEBUG [1940551:1940557] Appended entity string eg 1, eid 0, fieldId 51, ts 1790513751639164, value "GeForce", cached 0, buffered 1 [./dcgmlib/src/DcgmCacheManager.cpp:7306] [DcgmCacheManager::AppendEntityString]
2026-09-27 21:55:51.639 DEBUG [1940551:1940557] Appended entity string eg 1, eid 0, fieldId 50, ts 1790513751639249, value "NVIDIA GeForce RTX 3060", cached 0, buffered 1 [./dcgmlib/src/DcgmCacheManager.cpp:7306] [DcgmCacheManager::AppendEntityString]
2026-09-27 21:55:51.639 DEBUG [1940551:1940557] Appended entity string eg 1, eid 0, fieldId 53, ts 1790513751639345, value "<<<NOT_SUPPORTED>>>", cached 0, buffered 1 [./dcgmlib/src/DcgmCacheManager.cpp:7306] [DcgmCacheManager::AppendEntityString]
2026-09-27 21:55:51.639 DEBUG [1940551:1940557] Appended entity string eg 1, eid 0, fieldId 57, ts 1790513751639425, value "00000000:10:00.0", cached 0, buffered 1 [./dcgmlib/src/DcgmCacheManager.cpp:7306] [DcgmCacheManager::AppendEntityString]
2026-09-27 21:55:51.639 DEBUG [1940551:1940557] Appended entity i64 eg 1, eid 0, fieldId 58, ts 1790513751639527, value1 612831454, value2 0, cached 0, buffered 1 [./dcgmlib/src/DcgmCacheManager.cpp:7252] [DcgmCacheManager::AppendEntityInt64]
2026-09-27 21:55:51.639 DEBUG [1940551:1940557] Appended entity i64 eg 1, eid 0, fieldId 59, ts 1790513751639627, value1 355471582, value2 0, cached 0, buffered 1 [./dcgmlib/src/DcgmCacheManager.cpp:7252] [DcgmCacheManager::AppendEntityInt64]
2026-09-27 21:55:51.641 DEBUG [1940551:1940557] Appended entity i64 eg 1, eid 0, fieldId 90, ts 1790513751639728, value1 16384, value2 0, cached 0, buffered 1 [./dcgmlib/src/DcgmCacheManager.cpp:7252] [DcgmCacheManager::AppendEntityInt64]
2026-09-27 21:55:51.641 DEBUG [1940551:1940557] Appended entity i64 eg 1, eid 0, fieldId 250, ts 1790513751641272, value1 12288, value2 0, cached 0, buffered 1 [./dcgmlib/src/DcgmCacheManager.cpp:7252] [DcgmCacheManager::AppendEntityInt64]
2026-09-27 21:55:51.641 DEBUG [1940551:1940557] Appended entity i64 eg 1, eid 0, fieldId 252, ts 1790513751641521, value1 1855, value2 0, cached 0, buffered 1 [./dcgmlib/src/DcgmCacheManager.cpp:7252] [DcgmCacheManager::AppendEntityInt64]
2026-09-27 21:55:51.641 DEBUG [1940551:1940557] Appended entity i64 eg 1, eid 0, fieldId 251, ts 1790513751641722, value1 10252, value2 0, cached 0, buffered 1 [./dcgmlib/src/DcgmCacheManager.cpp:7252] [DcgmCacheManager::AppendEntityInt64]
2026-09-27 21:55:51.641 DEBUG [1940551:1940557] Fixed entityGroupId to be DCGM_FE_NONE fieldId 1 [./dcgmlib/src/DcgmCacheManager.cpp:6295] [DcgmCacheManager::GetMultipleLatestLiveSamples]
2026-09-27 21:55:51.642 DEBUG [1940551:1940557] Appended entity string eg 1, eid 0, fieldId 1, ts 1790513751641974, value "591.86", cached 0, buffered 1 [./dcgmlib/src/DcgmCacheManager.cpp:7306] [DcgmCacheManager::AppendEntityString]
2026-09-27 21:55:51.642 DEBUG [1940551:1940557] Appended entity i64 eg 1, eid 0, fieldId 500, ts 1790513751642064, value1 0, value2 0, cached 0, buffered 1 [./dcgmlib/src/DcgmCacheManager.cpp:7252] [DcgmCacheManager::AppendEntityInt64]
2026-09-27 21:55:51.642 DEBUG [1940551:1940557] Appended entity i64 eg 1, eid 0, fieldId 66, ts 1790513751642074, value1 1, value2 0, cached 0, buffered 1 [./dcgmlib/src/DcgmCacheManager.cpp:7252] [DcgmCacheManager::AppendEntityInt64]
2026-09-27 21:55:51.642 DEBUG [1940551:1940557] Appended entity i64 eg 1, eid 0, fieldId 67, ts 1790513751642190, value1 0, value2 0, cached 0, buffered 1 [./dcgmlib/src/DcgmCacheManager.cpp:7252] [DcgmCacheManager::AppendEntityInt64]
2026-09-27 21:55:51.642 DEBUG [1940551:1940557] Appended entity i64 eg 1, eid 0, fieldId 74, ts 1790513751642203, value1 0, value2 0, cached 0, buffered 1 [./dcgmlib/src/DcgmCacheManager.cpp:7252] [DcgmCacheManager::AppendEntityInt64]
2026-09-27 21:55:51.643 DEBUG [1940551:1940555] Added GroupId 2 name dcgmi_1940572_1 for connectionId 2 [./dcgmlib/src/DcgmGroupManager.inl:314] [impl::DcgmGroupManager<HostEngineHandler>::AddNewGroup]
2026-09-27 21:55:51.643 INFO  [1940551:1940556] AddEntityToGroup groupId 2, eg 1, eid 0 added to the group [./dcgmlib/src/DcgmGroupManager.inl:696] [impl::DcgmGroupInfo<HostEngineHandler>::AddEntityToGroup]
2026-09-27 21:55:51.643 DEBUG [1940551:1940556] groupId 2 added eg 1, eid 0. ret 0 [./dcgmlib/src/DcgmGroupManager.inl:512] [impl::DcgmGroupManager<HostEngineHandler>::AddEntityToGroup]
2026-09-27 21:55:51.643 DEBUG [1940551:1940557] Added field group id 4, name dcgmi_1940572_1, connectionId 2 [./dcgmlib/src/DcgmFieldGroup.cpp:172] [DcgmFieldGroupManager::AddFieldGroup]
2026-09-27 21:55:51.645 DEBUG [1940551:1940557] Got 1 entities and 4 fields [./dcgmlib/src/DcgmHostEngineHandler.cpp:4579] [DcgmHostEngineHandler::WatchFieldGroup]
2026-09-27 21:55:51.645 DEBUG [1940551:1940557] Adding WatchInfo on entityKey 0x1009600000000 (eg 1, entityId 0, fieldId 150) [./dcgmlib/src/DcgmCacheManager.cpp:2478] [DcgmCacheManager::GetEntityWatchInfo]
2026-09-27 21:55:51.645 DEBUG [1940551:1940557] Adding new watcher type 0, connectionId 2 [./dcgmlib/src/DcgmCacheManager.cpp:3455] [DcgmCacheManager::AddOrUpdateWatcher]
2026-09-27 21:55:51.645 DEBUG [1940551:1940557] UpdateWatchFromWatchers gid 1, eid 0, fid 150, minMonitorFreqUsec 1000000, minMaxAgeUsec 2200000, hsw 0 [./dcgmlib/src/DcgmCacheManager.cpp:3502] [DcgmCacheManager::UpdateWatchFromWatchers]
2026-09-27 21:55:51.645 DEBUG [1940551:1940557] AddFieldWatch eg 1, eid 0, fieldId 150, mfu 1000000, msa 0, mka 2, sfu 0, connectionId 2 [./dcgmlib/src/DcgmCacheManager.cpp:3673] [DcgmCacheManager::AddEntityFieldWatch]
2026-09-27 21:55:51.645 DEBUG [1940551:1940557] Adding WatchInfo on entityKey 0x1009b00000000 (eg 1, entityId 0, fieldId 155) [./dcgmlib/src/DcgmCacheManager.cpp:2478] [DcgmCacheManager::GetEntityWatchInfo]
2026-09-27 21:55:51.645 DEBUG [1940551:1940557] Adding new watcher type 0, connectionId 2 [./dcgmlib/src/DcgmCacheManager.cpp:3455] [DcgmCacheManager::AddOrUpdateWatcher]
2026-09-27 21:55:51.645 DEBUG [1940551:1940557] UpdateWatchFromWatchers gid 1, eid 0, fid 155, minMonitorFreqUsec 1000000, minMaxAgeUsec 2200000, hsw 0 [./dcgmlib/src/DcgmCacheManager.cpp:3502] [DcgmCacheManager::UpdateWatchFromWatchers]
2026-09-27 21:55:51.645 DEBUG [1940551:1940557] AddFieldWatch eg 1, eid 0, fieldId 155, mfu 1000000, msa 0, mka 2, sfu 0, connectionId 2 [./dcgmlib/src/DcgmCacheManager.cpp:3673] [DcgmCacheManager::AddEntityFieldWatch]
2026-09-27 21:55:51.645 DEBUG [1940551:1940557] Adding WatchInfo on entityKey 0x100cb00000000 (eg 1, entityId 0, fieldId 203) [./dcgmlib/src/DcgmCacheManager.cpp:2478] [DcgmCacheManager::GetEntityWatchInfo]
2026-09-27 21:55:51.645 DEBUG [1940551:1940557] Adding new watcher type 0, connectionId 2 [./dcgmlib/src/DcgmCacheManager.cpp:3455] [DcgmCacheManager::AddOrUpdateWatcher]
2026-09-27 21:55:51.645 DEBUG [1940551:1940557] UpdateWatchFromWatchers gid 1, eid 0, fid 203, minMonitorFreqUsec 1000000, minMaxAgeUsec 2200000, hsw 0 [./dcgmlib/src/DcgmCacheManager.cpp:3502] [DcgmCacheManager::UpdateWatchFromWatchers]
2026-09-27 21:55:51.645 DEBUG [1940551:1940557] AddFieldWatch eg 1, eid 0, fieldId 203, mfu 1000000, msa 0, mka 2, sfu 0, connectionId 2 [./dcgmlib/src/DcgmCacheManager.cpp:3673] [DcgmCacheManager::AddEntityFieldWatch]
2026-09-27 21:55:51.645 DEBUG [1940551:1940557] Adding WatchInfo on entityKey 0x100cc00000000 (eg 1, entityId 0, fieldId 204) [./dcgmlib/src/DcgmCacheManager.cpp:2478] [DcgmCacheManager::GetEntityWatchInfo]
2026-09-27 21:55:51.645 DEBUG [1940551:1940557] Adding new watcher type 0, connectionId 2 [./dcgmlib/src/DcgmCacheManager.cpp:3455] [DcgmCacheManager::AddOrUpdateWatcher]
2026-09-27 21:55:51.645 DEBUG [1940551:1940557] UpdateWatchFromWatchers gid 1, eid 0, fid 204, minMonitorFreqUsec 1000000, minMaxAgeUsec 2200000, hsw 0 [./dcgmlib/src/DcgmCacheManager.cpp:3502] [DcgmCacheManager::UpdateWatchFromWatchers]
2026-09-27 21:55:51.645 DEBUG [1940551:1940557] AddFieldWatch eg 1, eid 0, fieldId 204, mfu 1000000, msa 0, mka 2, sfu 0, connectionId 2 [./dcgmlib/src/DcgmCacheManager.cpp:3673] [DcgmCacheManager::AddEntityFieldWatch]
2026-09-27 21:55:51.645 DEBUG [1940551:1940565] Preparing to update watchInfo 0x7724e0000e20, eg 1, eid 0, fieldId 155 [./dcgmlib/src/DcgmCacheManager.cpp:6084] [DcgmCacheManager::ActuallyUpdateAllFields]
2026-09-27 21:55:51.645 DEBUG [1940551:1940565] Checking status for gpu 0 [./dcgmlib/src/DcgmCacheManager.cpp:2633] [DcgmCacheManager::GetGpuStatus]
2026-09-27 21:55:51.645 DEBUG [1940551:1940565] Appended entity double eg 1, eid 0, fieldId 155, ts 1790513751645431, value1 38.176, value2 0, cached 1, buffered 0 [./dcgmlib/src/DcgmCacheManager.cpp:7155] [DcgmCacheManager::AppendEntityDouble]
2026-09-27 21:55:51.645 DEBUG [1940551:1940565] Preparing to update watchInfo 0x7724e0000ed0, eg 1, eid 0, fieldId 204 [./dcgmlib/src/DcgmCacheManager.cpp:6084] [DcgmCacheManager::ActuallyUpdateAllFields]
2026-09-27 21:55:51.645 DEBUG [1940551:1940565] Checking status for gpu 0 [./dcgmlib/src/DcgmCacheManager.cpp:2633] [DcgmCacheManager::GetGpuStatus]
2026-09-27 21:55:51.646 DEBUG [1940551:1940565] Appended entity i64 eg 1, eid 0, fieldId 204, ts 1790513751645994, value1 1, value2 0, cached 1, buffered 0 [./dcgmlib/src/DcgmCacheManager.cpp:7252] [DcgmCacheManager::AppendEntityInt64]
2026-09-27 21:55:51.647 DEBUG [1940551:1940565] Preparing to update watchInfo 0x7724e001d620, eg 1, eid 0, fieldId 150 [./dcgmlib/src/DcgmCacheManager.cpp:6084] [DcgmCacheManager::ActuallyUpdateAllFields]
2026-09-27 21:55:51.647 DEBUG [1940551:1940565] Checking status for gpu 0 [./dcgmlib/src/DcgmCacheManager.cpp:2633] [DcgmCacheManager::GetGpuStatus]
2026-09-27 21:55:51.647 DEBUG [1940551:1940565] Appended entity i64 eg 1, eid 0, fieldId 150, ts 1790513751647051, value1 49, value2 0, cached 1, buffered 0 [./dcgmlib/src/DcgmCacheManager.cpp:7252] [DcgmCacheManager::AppendEntityInt64]
2026-09-27 21:55:51.647 DEBUG [1940551:1940565] Preparing to update watchInfo 0x7724e0001630, eg 1, eid 0, fieldId 203 [./dcgmlib/src/DcgmCacheManager.cpp:6084] [DcgmCacheManager::ActuallyUpdateAllFields]
2026-09-27 21:55:51.647 DEBUG [1940551:1940565] Checking status for gpu 0 [./dcgmlib/src/DcgmCacheManager.cpp:2633] [DcgmCacheManager::GetGpuStatus]
2026-09-27 21:55:51.648 DEBUG [1940551:1940565] Appended entity i64 eg 1, eid 0, fieldId 203, ts 1790513751647572, value1 16, value2 0, cached 1, buffered 0 [./dcgmlib/src/DcgmCacheManager.cpp:7252] [DcgmCacheManager::AppendEntityInt64]
2026-09-27 21:55:51.648 DEBUG [1940551:1940557] DoOneUpdateAllFields returned 1790513752645366 [./dcgmlib/src/DcgmCacheManager.cpp:2789] [DcgmCacheManager::UpdateAllFields]
2026-09-27 21:55:51.648 DEBUG [1940551:1940555] DoOneUpdateAllFields returned 1790513752645431 [./dcgmlib/src/DcgmCacheManager.cpp:2789] [DcgmCacheManager::UpdateAllFields]
2026-09-27 21:55:52.545 DEBUG [1940551:1940566] Failed to wait for NVML system event: pending [./dcgmlib/src/DcgmHostEngineHandler.cpp:2302] [DcgmNvmlSystemEventThread::run]
2026-09-27 21:55:52.645 DEBUG [1940551:1940565] Preparing to update watchInfo 0x7724e0000e20, eg 1, eid 0, fieldId 155 [./dcgmlib/src/DcgmCacheManager.cpp:6084] [DcgmCacheManager::ActuallyUpdateAllFields]
2026-09-27 21:55:52.645 DEBUG [1940551:1940565] Checking status for gpu 0 [./dcgmlib/src/DcgmCacheManager.cpp:2633] [DcgmCacheManager::GetGpuStatus]
2026-09-27 21:55:52.646 DEBUG [1940551:1940565] Appended entity double eg 1, eid 0, fieldId 155, ts 1790513752646000, value1 37.777, value2 0, cached 1, buffered 0 [./dcgmlib/src/DcgmCacheManager.cpp:7155] [DcgmCacheManager::AppendEntityDouble]
2026-09-27 21:55:52.646 DEBUG [1940551:1940565] Preparing to update watchInfo 0x7724e0000ed0, eg 1, eid 0, fieldId 204 [./dcgmlib/src/DcgmCacheManager.cpp:6084] [DcgmCacheManager::ActuallyUpdateAllFields]
2026-09-27 21:55:52.646 DEBUG [1940551:1940565] Checking status for gpu 0 [./dcgmlib/src/DcgmCacheManager.cpp:2633] [DcgmCacheManager::GetGpuStatus]
2026-09-27 21:55:52.647 DEBUG [1940551:1940565] Appended entity i64 eg 1, eid 0, fieldId 204, ts 1790513752646582, value1 1, value2 0, cached 1, buffered 0 [./dcgmlib/src/DcgmCacheManager.cpp:7252] [DcgmCacheManager::AppendEntityInt64]
2026-09-27 21:55:52.647 DEBUG [1940551:1940565] Preparing to update watchInfo 0x7724e001d620, eg 1, eid 0, fieldId 150 [./dcgmlib/src/DcgmCacheManager.cpp:6084] [DcgmCacheManager::ActuallyUpdateAllFields]
2026-09-27 21:55:52.647 DEBUG [1940551:1940565] Checking status for gpu 0 [./dcgmlib/src/DcgmCacheManager.cpp:2633] [DcgmCacheManager::GetGpuStatus]
2026-09-27 21:55:52.649 DEBUG [1940551:1940565] Appended entity i64 eg 1, eid 0, fieldId 150, ts 1790513752647667, value1 49, value2 0, cached 1, buffered 0 [./dcgmlib/src/DcgmCacheManager.cpp:7252] [DcgmCacheManager::AppendEntityInt64]
2026-09-27 21:55:52.649 DEBUG [1940551:1940565] Preparing to update watchInfo 0x7724e0001630, eg 1, eid 0, fieldId 203 [./dcgmlib/src/DcgmCacheManager.cpp:6084] [DcgmCacheManager::ActuallyUpdateAllFields]
2026-09-27 21:55:52.649 DEBUG [1940551:1940565] Checking status for gpu 0 [./dcgmlib/src/DcgmCacheManager.cpp:2633] [DcgmCacheManager::GetGpuStatus]
2026-09-27 21:55:52.650 DEBUG [1940551:1940565] Appended entity i64 eg 1, eid 0, fieldId 203, ts 1790513752649779, value1 18, value2 0, cached 1, buffered 0 [./dcgmlib/src/DcgmCacheManager.cpp:7252] [DcgmCacheManager::AppendEntityInt64]
2026-09-27 21:55:53.546 DEBUG [1940551:1940566] Failed to wait for NVML system event: pending [./dcgmlib/src/DcgmHostEngineHandler.cpp:2302] [DcgmNvmlSystemEventThread::run]
2026-09-27 21:55:53.646 DEBUG [1940551:1940565] Preparing to update watchInfo 0x7724e0000e20, eg 1, eid 0, fieldId 155 [./dcgmlib/src/DcgmCacheManager.cpp:6084] [DcgmCacheManager::ActuallyUpdateAllFields]
2026-09-27 21:55:53.646 DEBUG [1940551:1940565] Checking status for gpu 0 [./dcgmlib/src/DcgmCacheManager.cpp:2633] [DcgmCacheManager::GetGpuStatus]
2026-09-27 21:55:53.647 DEBUG [1940551:1940565] Appended entity double eg 1, eid 0, fieldId 155, ts 1790513753646234, value1 37.728, value2 0, cached 1, buffered 0 [./dcgmlib/src/DcgmCacheManager.cpp:7155] [DcgmCacheManager::AppendEntityDouble]
2026-09-27 21:55:53.647 DEBUG [1940551:1940565] Preparing to update watchInfo 0x7724e0000ed0, eg 1, eid 0, fieldId 204 [./dcgmlib/src/DcgmCacheManager.cpp:6084] [DcgmCacheManager::ActuallyUpdateAllFields]
2026-09-27 21:55:53.647 DEBUG [1940551:1940565] Checking status for gpu 0 [./dcgmlib/src/DcgmCacheManager.cpp:2633] [DcgmCacheManager::GetGpuStatus]
2026-09-27 21:55:53.648 DEBUG [1940551:1940565] Appended entity i64 eg 1, eid 0, fieldId 204, ts 1790513753647066, value1 1, value2 0, cached 1, buffered 0 [./dcgmlib/src/DcgmCacheManager.cpp:7252] [DcgmCacheManager::AppendEntityInt64]
2026-09-27 21:55:53.648 DEBUG [1940551:1940565] Preparing to update watchInfo 0x7724e001d620, eg 1, eid 0, fieldId 150 [./dcgmlib/src/DcgmCacheManager.cpp:6084] [DcgmCacheManager::ActuallyUpdateAllFields]
2026-09-27 21:55:53.648 DEBUG [1940551:1940565] Checking status for gpu 0 [./dcgmlib/src/DcgmCacheManager.cpp:2633] [DcgmCacheManager::GetGpuStatus]
2026-09-27 21:55:53.648 DEBUG [1940551:1940565] Appended entity i64 eg 1, eid 0, fieldId 150, ts 1790513753648112, value1 49, value2 0, cached 1, buffered 0 [./dcgmlib/src/DcgmCacheManager.cpp:7252] [DcgmCacheManager::AppendEntityInt64]
2026-09-27 21:55:53.649 DEBUG [1940551:1940565] Preparing to update watchInfo 0x7724e0001630, eg 1, eid 0, fieldId 203 [./dcgmlib/src/DcgmCacheManager.cpp:6084] [DcgmCacheManager::ActuallyUpdateAllFields]
2026-09-27 21:55:53.649 DEBUG [1940551:1940565] Checking status for gpu 0 [./dcgmlib/src/DcgmCacheManager.cpp:2633] [DcgmCacheManager::GetGpuStatus]
2026-09-27 21:55:53.650 DEBUG [1940551:1940565] Appended entity i64 eg 1, eid 0, fieldId 203, ts 1790513753649903, value1 16, value2 0, cached 1, buffered 0 [./dcgmlib/src/DcgmCacheManager.cpp:7252] [DcgmCacheManager::AppendEntityInt64]
2026-09-27 21:55:53.655 DEBUG [1940551:1940567] bev 0x7724ac003660 got events 11 [./common/transport/DcgmIpc.cpp:1334] [DcgmIpc::EventCB]
2026-09-27 21:55:53.655 DEBUG [1940551:1940567] Got connection error for bev 0x7724ac003660 connectionId 2 events 11 [./common/transport/DcgmIpc.cpp:1344] [DcgmIpc::EventCB]
2026-09-27 21:55:53.655 DEBUG [1940551:1940567] Removing bev 0x7724ac003660, connectionId 2 [./common/transport/DcgmIpc.cpp:836] [DcgmIpc::RemoveConnectionByBev]
2026-09-27 21:55:53.655 DEBUG [1940551:1940567] DcgmIpcConnection destructor for bev 0x7724ac003660 [./common/transport/DcgmIpc.cpp:1509] [DcgmIpcConnection::~DcgmIpcConnection]
2026-09-27 21:55:53.655 DEBUG [1940551:1940567] SetConnectionState bev0x7724ac003660 2 -> 3 [./common/transport/DcgmIpc.cpp:1585] [DcgmIpcConnection::SetConnectionState]
2026-09-27 21:55:53.655 DEBUG [1940551:1940567] bufferevent_free 0x7724ac003660 [./common/transport/DcgmIpc.cpp:1561] [DcgmIpcConnection::FreeCurrentBev]
2026-09-27 21:55:53.655 DEBUG [1940551:1940556] RemoveAllGroupsForConnection queueing removal of connectionId 2, groupId 2 [./dcgmlib/src/DcgmGroupManager.inl:370] [impl::DcgmGroupManager<HostEngineHandler>::RemoveAllGroupsForConnection]
2026-09-27 21:55:53.655 DEBUG [1940551:1940556] Unknown subcommand: 3 [./modules/core/DcgmModuleCore.cpp:438] [DcgmModuleCore::ProcessMessage]
2026-09-27 21:55:53.656 DEBUG [1940551:1940564] [[NvSwitch]] Unknown subcommand: 3 [./modules/nvswitch/DcgmModuleNvSwitch.cpp:462] [DcgmNs::DcgmModuleNvSwitch::ProcessCoreMessage]
2026-09-27 21:55:53.656 DEBUG [1940551:1940556] Removed GroupId 2 [./dcgmlib/src/DcgmGroupManager.inl:347] [impl::DcgmGroupManager<HostEngineHandler>::RemoveGroup]
2026-09-27 21:55:53.656 DEBUG [1940551:1940556] Removed 1 groups for connectionId 2 [./dcgmlib/src/DcgmGroupManager.inl:388] [impl::DcgmGroupManager<HostEngineHandler>::RemoveAllGroupsForConnection]
2026-09-27 21:55:53.656 DEBUG [1940551:1940556] Queueing fieldGroupId 4 to be removed [./dcgmlib/src/DcgmFieldGroup.cpp:404] [DcgmFieldGroupManager::OnConnectionRemove]
2026-09-27 21:55:53.656 DEBUG [1940551:1940556] Removed fieldGroupId 4 from connection 2 in m_connectionFieldGroupIds [./dcgmlib/src/DcgmFieldGroup.cpp:225] [DcgmFieldGroupManager::RemoveFieldGroup]
2026-09-27 21:55:53.656 DEBUG [1940551:1940556] Removed field group 4 [./dcgmlib/src/DcgmFieldGroup.cpp:237] [DcgmFieldGroupManager::RemoveFieldGroup]
2026-09-27 21:55:53.656 DEBUG [1940551:1940565] RemoveWatcher() type 0, connectionId 2 was not a watcher [./dcgmlib/src/DcgmCacheManager.cpp:3422] [DcgmCacheManager::RemoveWatcher]
2026-09-27 21:55:53.656 DEBUG [1940551:1940565] RemoveEntityFieldWatch eg 1, eid 0, fieldId 300, clearCache 0 [./dcgmlib/src/DcgmCacheManager.cpp:3809] [DcgmCacheManager::RemoveEntityFieldWatch]
2026-09-27 21:55:53.656 DEBUG [1940551:1940565] RemoveWatcher() type 0, connectionId 2 was not a watcher [./dcgmlib/src/DcgmCacheManager.cpp:3422] [DcgmCacheManager::RemoveWatcher]
2026-09-27 21:55:53.656 DEBUG [1940551:1940565] RemoveEntityFieldWatch eg 1, eid 0, fieldId 501, clearCache 0 [./dcgmlib/src/DcgmCacheManager.cpp:3809] [DcgmCacheManager::RemoveEntityFieldWatch]
2026-09-27 21:55:53.656 DEBUG [1940551:1940565] RemoveWatcher() type 0, connectionId 2 was not a watcher [./dcgmlib/src/DcgmCacheManager.cpp:3422] [DcgmCacheManager::RemoveWatcher]
2026-09-27 21:55:53.656 DEBUG [1940551:1940565] RemoveEntityFieldWatch eg 1, eid 0, fieldId 512, clearCache 0 [./dcgmlib/src/DcgmCacheManager.cpp:3809] [DcgmCacheManager::RemoveEntityFieldWatch]
2026-09-27 21:55:53.656 DEBUG [1940551:1940565] RemoveWatcher() type 0, connectionId 2 was not a watcher [./dcgmlib/src/DcgmCacheManager.cpp:3422] [DcgmCacheManager::RemoveWatcher]
2026-09-27 21:55:53.656 DEBUG [1940551:1940565] RemoveEntityFieldWatch eg 1, eid 0, fieldId 509, clearCache 0 [./dcgmlib/src/DcgmCacheManager.cpp:3809] [DcgmCacheManager::RemoveEntityFieldWatch]
2026-09-27 21:55:53.656 DEBUG [1940551:1940565] RemoveWatcher() type 0, connectionId 2 was not a watcher [./dcgmlib/src/DcgmCacheManager.cpp:3422] [DcgmCacheManager::RemoveWatcher]
2026-09-27 21:55:53.656 DEBUG [1940551:1940565] RemoveEntityFieldWatch eg 1, eid 0, fieldId 510, clearCache 0 [./dcgmlib/src/DcgmCacheManager.cpp:3809] [DcgmCacheManager::RemoveEntityFieldWatch]
2026-09-27 21:55:53.656 DEBUG [1940551:1940565] RemoveWatcher removing existing watcher type 0, connectionId 2 [./dcgmlib/src/DcgmCacheManager.cpp:3392] [DcgmCacheManager::RemoveWatcher]
2026-09-27 21:55:53.656 DEBUG [1940551:1940565] RemoveEntityFieldWatch eg 1, eid 0, fieldId 155, clearCache 0 [./dcgmlib/src/DcgmCacheManager.cpp:3809] [DcgmCacheManager::RemoveEntityFieldWatch]
2026-09-27 21:55:53.656 DEBUG [1940551:1940565] RemoveWatcher() type 0, connectionId 2 was not a watcher [./dcgmlib/src/DcgmCacheManager.cpp:3422] [DcgmCacheManager::RemoveWatcher]
2026-09-27 21:55:53.656 DEBUG [1940551:1940565] RemoveEntityFieldWatch eg 1, eid 0, fieldId 511, clearCache 0 [./dcgmlib/src/DcgmCacheManager.cpp:3809] [DcgmCacheManager::RemoveEntityFieldWatch]
2026-09-27 21:55:53.656 DEBUG [1940551:1940565] RemoveWatcher() type 0, connectionId 2 was not a watcher [./dcgmlib/src/DcgmCacheManager.cpp:3422] [DcgmCacheManager::RemoveWatcher]
2026-09-27 21:55:53.656 DEBUG [1940551:1940565] RemoveEntityFieldWatch eg 1, eid 0, fieldId 513, clearCache 0 [./dcgmlib/src/DcgmCacheManager.cpp:3809] [DcgmCacheManager::RemoveEntityFieldWatch]
2026-09-27 21:55:53.656 DEBUG [1940551:1940565] RemoveWatcher removing existing watcher type 0, connectionId 2 [./dcgmlib/src/DcgmCacheManager.cpp:3392] [DcgmCacheManager::RemoveWatcher]
2026-09-27 21:55:53.656 DEBUG [1940551:1940565] RemoveEntityFieldWatch eg 1, eid 0, fieldId 204, clearCache 0 [./dcgmlib/src/DcgmCacheManager.cpp:3809] [DcgmCacheManager::RemoveEntityFieldWatch]
2026-09-27 21:55:53.656 DEBUG [1940551:1940565] RemoveWatcher removing existing watcher type 0, connectionId 2 [./dcgmlib/src/DcgmCacheManager.cpp:3392] [DcgmCacheManager::RemoveWatcher]
2026-09-27 21:55:53.656 DEBUG [1940551:1940565] RemoveEntityFieldWatch eg 1, eid 0, fieldId 150, clearCache 0 [./dcgmlib/src/DcgmCacheManager.cpp:3809] [DcgmCacheManager::RemoveEntityFieldWatch]
2026-09-27 21:55:53.656 DEBUG [1940551:1940565] RemoveWatcher removing existing watcher type 0, connectionId 2 [./dcgmlib/src/DcgmCacheManager.cpp:3392] [DcgmCacheManager::RemoveWatcher]
2026-09-27 21:55:53.656 DEBUG [1940551:1940565] RemoveEntityFieldWatch eg 1, eid 0, fieldId 203, clearCache 0 [./dcgmlib/src/DcgmCacheManager.cpp:3809] [DcgmCacheManager::RemoveEntityFieldWatch]
2026-09-27 21:55:53.656 DEBUG [1940551:1940556] Unknown subcommand: 1 [./modules/core/DcgmModuleCore.cpp:438] [DcgmModuleCore::ProcessMessage]
2026-09-27 21:55:53.656 INFO  [1940551:1940564] [[NvSwitch]] Unwatching fields watched by connection 2 [./modules/nvswitch/DcgmModuleNvSwitch.cpp:438] [DcgmNs::DcgmModuleNvSwitch::ProcessClientDisconnect]
2026-09-27 21:55:53.667 DEBUG [1940551:1940567] DcgmIpcConnection constructor for bev 0x7724ac004100 [./common/transport/DcgmIpc.cpp:1503] [DcgmIpcConnection::DcgmIpcConnection]
2026-09-27 21:55:53.667 DEBUG [1940551:1940567] Added connectionId 3 bev 0x7724ac004100 ics 2 [./common/transport/DcgmIpc.cpp:767] [DcgmIpc::AddConnection]
2026-09-27 21:55:53.667 DEBUG [1940551:1940567] Server connection accepted with connectionId 3 bev 0x7724ac004100 [./common/transport/DcgmIpc.cpp:1759] [DcgmIpc::OnAccept]
2026-09-27 21:55:53.668 DEBUG [1940551:1940555] connectionId 3 Missing persistafterdisconnect [./modules/core/DcgmModuleCore.cpp:1776] [DcgmModuleCore::ProcessClientLogin]
2026-09-27 21:55:53.668 DEBUG [1940551:1940556] Environment variable 'DCGM_DIAG_REMOVED' is not set [./modules/core/DcgmModuleCore.cpp:2800] [DcgmModuleCore::ProcessHostengineEnvVarInfo]
2026-09-27 21:55:53.669 DEBUG [1940551:1940567] DcgmIpcConnection constructor for bev 0x7724ac004770 [./common/transport/DcgmIpc.cpp:1503] [DcgmIpcConnection::DcgmIpcConnection]
2026-09-27 21:55:53.669 DEBUG [1940551:1940567] Added connectionId 4 bev 0x7724ac004770 ics 2 [./common/transport/DcgmIpc.cpp:767] [DcgmIpc::AddConnection]
2026-09-27 21:55:53.669 DEBUG [1940551:1940567] Server connection accepted with connectionId 4 bev 0x7724ac004770 [./common/transport/DcgmIpc.cpp:1759] [DcgmIpc::OnAccept]
2026-09-27 21:55:53.669 DEBUG [1940551:1940555] connectionId 4 Missing persistafterdisconnect [./modules/core/DcgmModuleCore.cpp:1776] [DcgmModuleCore::ProcessClientLogin]
2026-09-27 21:55:53.679 DEBUG [1940551:1940555] Appended entity i64 eg 1, eid 0, fieldId 158, ts 1790513753678914, value1 95, value2 0, cached 0, buffered 1 [./dcgmlib/src/DcgmCacheManager.cpp:7252] [DcgmCacheManager::AppendEntityInt64]
2026-09-27 21:55:53.679 DEBUG [1940551:1940555] Appended entity i64 eg 1, eid 0, fieldId 159, ts 1790513753679106, value1 98, value2 0, cached 0, buffered 1 [./dcgmlib/src/DcgmCacheManager.cpp:7252] [DcgmCacheManager::AppendEntityInt64]
2026-09-27 21:55:53.679 DEBUG [1940551:1940555] Appended entity double eg 1, eid 0, fieldId 164, ts 1790513753679434, value1 170, value2 0, cached 0, buffered 1 [./dcgmlib/src/DcgmCacheManager.cpp:7155] [DcgmCacheManager::AppendEntityDouble]
2026-09-27 21:55:53.679 DEBUG [1940551:1940555] Appended entity double eg 1, eid 0, fieldId 160, ts 1790513753679669, value1 170, value2 0, cached 0, buffered 1 [./dcgmlib/src/DcgmCacheManager.cpp:7155] [DcgmCacheManager::AppendEntityDouble]
2026-09-27 21:55:53.679 DEBUG [1940551:1940555] Appended entity double eg 1, eid 0, fieldId 163, ts 1790513753679891, value1 170, value2 0, cached 0, buffered 1 [./dcgmlib/src/DcgmCacheManager.cpp:7155] [DcgmCacheManager::AppendEntityDouble]
2026-09-27 21:55:53.680 DEBUG [1940551:1940555] Appended entity double eg 1, eid 0, fieldId 162, ts 1790513753680025, value1 170, value2 0, cached 0, buffered 1 [./dcgmlib/src/DcgmCacheManager.cpp:7155] [DcgmCacheManager::AppendEntityDouble]
2026-09-27 21:55:53.680 DEBUG [1940551:1940555] Appended entity double eg 1, eid 0, fieldId 161, ts 1790513753680127, value1 100, value2 0, cached 0, buffered 1 [./dcgmlib/src/DcgmCacheManager.cpp:7155] [DcgmCacheManager::AppendEntityDouble]
2026-09-27 21:55:53.680 INFO  [1940551:1940555] Got more than DCGM_MAX_CLOCKS supported clocks. [./dcgmlib/src/DcgmCacheManager.cpp:14871] [DcgmCacheManager::AppendDeviceSupportedClocks]
2026-09-27 21:55:53.680 INFO  [1940551:1940555] Got more than DCGM_MAX_CLOCKS supported clocks. [./dcgmlib/src/DcgmCacheManager.cpp:14871] [DcgmCacheManager::AppendDeviceSupportedClocks]
2026-09-27 21:55:53.680 INFO  [1940551:1940555] Got more than DCGM_MAX_CLOCKS supported clocks. [./dcgmlib/src/DcgmCacheManager.cpp:14871] [DcgmCacheManager::AppendDeviceSupportedClocks]
2026-09-27 21:55:53.680 INFO  [1940551:1940555] Got more than DCGM_MAX_CLOCKS supported clocks. [./dcgmlib/src/DcgmCacheManager.cpp:14871] [DcgmCacheManager::AppendDeviceSupportedClocks]
2026-09-27 21:55:53.680 DEBUG [1940551:1940555] Appended entity blob eg 1, eid 0, fieldId 130, ts 1790513753680265, valueSize 3080, cached 0, buffered 1 [./dcgmlib/src/DcgmCacheManager.cpp:7361] [DcgmCacheManager::AppendEntityBlob]
2026-09-27 21:55:53.680 DEBUG [1940551:1940555] Appended entity string eg 1, eid 0, fieldId 54, ts 1790513753680851, value "GPU-2500608a-edd1-3c2d-ffad-73955203d323", cached 0, buffered 1 [./dcgmlib/src/DcgmCacheManager.cpp:7306] [DcgmCacheManager::AppendEntityString]
2026-09-27 21:55:53.680 DEBUG [1940551:1940555] Appended entity string eg 1, eid 0, fieldId 85, ts 1790513753680932, value "94.04.71.00.87", cached 0, buffered 1 [./dcgmlib/src/DcgmCacheManager.cpp:7306] [DcgmCacheManager::AppendEntityString]
2026-09-27 21:55:53.681 DEBUG [1940551:1940555] Appended entity string eg 1, eid 0, fieldId 82, ts 1790513753681013, value "G001.0000.03.03", cached 0, buffered 1 [./dcgmlib/src/DcgmCacheManager.cpp:7306] [DcgmCacheManager::AppendEntityString]
2026-09-27 21:55:53.681 DEBUG [1940551:1940555] Appended entity string eg 1, eid 0, fieldId 51, ts 1790513753681105, value "GeForce", cached 0, buffered 1 [./dcgmlib/src/DcgmCacheManager.cpp:7306] [DcgmCacheManager::AppendEntityString]
2026-09-27 21:55:53.681 DEBUG [1940551:1940555] Appended entity string eg 1, eid 0, fieldId 50, ts 1790513753681183, value "NVIDIA GeForce RTX 3060", cached 0, buffered 1 [./dcgmlib/src/DcgmCacheManager.cpp:7306] [DcgmCacheManager::AppendEntityString]
2026-09-27 21:55:53.681 DEBUG [1940551:1940555] Appended entity string eg 1, eid 0, fieldId 53, ts 1790513753681266, value "<<<NOT_SUPPORTED>>>", cached 0, buffered 1 [./dcgmlib/src/DcgmCacheManager.cpp:7306] [DcgmCacheManager::AppendEntityString]
2026-09-27 21:55:53.681 DEBUG [1940551:1940555] Appended entity string eg 1, eid 0, fieldId 57, ts 1790513753681353, value "00000000:10:00.0", cached 0, buffered 1 [./dcgmlib/src/DcgmCacheManager.cpp:7306] [DcgmCacheManager::AppendEntityString]
2026-09-27 21:55:53.681 DEBUG [1940551:1940555] Appended entity i64 eg 1, eid 0, fieldId 58, ts 1790513753681432, value1 612831454, value2 0, cached 0, buffered 1 [./dcgmlib/src/DcgmCacheManager.cpp:7252] [DcgmCacheManager::AppendEntityInt64]
2026-09-27 21:55:53.681 DEBUG [1940551:1940555] Appended entity i64 eg 1, eid 0, fieldId 59, ts 1790513753681507, value1 355471582, value2 0, cached 0, buffered 1 [./dcgmlib/src/DcgmCacheManager.cpp:7252] [DcgmCacheManager::AppendEntityInt64]
2026-09-27 21:55:53.683 DEBUG [1940551:1940555] Appended entity i64 eg 1, eid 0, fieldId 90, ts 1790513753681587, value1 16384, value2 0, cached 0, buffered 1 [./dcgmlib/src/DcgmCacheManager.cpp:7252] [DcgmCacheManager::AppendEntityInt64]
2026-09-27 21:55:53.683 DEBUG [1940551:1940555] Appended entity i64 eg 1, eid 0, fieldId 250, ts 1790513753683749, value1 12288, value2 0, cached 0, buffered 1 [./dcgmlib/src/DcgmCacheManager.cpp:7252] [DcgmCacheManager::AppendEntityInt64]
2026-09-27 21:55:53.684 DEBUG [1940551:1940555] Appended entity i64 eg 1, eid 0, fieldId 252, ts 1790513753684009, value1 1855, value2 0, cached 0, buffered 1 [./dcgmlib/src/DcgmCacheManager.cpp:7252] [DcgmCacheManager::AppendEntityInt64]
2026-09-27 21:55:53.684 DEBUG [1940551:1940555] Appended entity i64 eg 1, eid 0, fieldId 251, ts 1790513753684211, value1 10252, value2 0, cached 0, buffered 1 [./dcgmlib/src/DcgmCacheManager.cpp:7252] [DcgmCacheManager::AppendEntityInt64]
2026-09-27 21:55:53.684 DEBUG [1940551:1940555] Fixed entityGroupId to be DCGM_FE_NONE fieldId 1 [./dcgmlib/src/DcgmCacheManager.cpp:6295] [DcgmCacheManager::GetMultipleLatestLiveSamples]
2026-09-27 21:55:53.684 DEBUG [1940551:1940555] Appended entity string eg 1, eid 0, fieldId 1, ts 1790513753684424, value "591.86", cached 0, buffered 1 [./dcgmlib/src/DcgmCacheManager.cpp:7306] [DcgmCacheManager::AppendEntityString]
2026-09-27 21:55:53.684 DEBUG [1940551:1940555] Appended entity i64 eg 1, eid 0, fieldId 500, ts 1790513753684510, value1 0, value2 0, cached 0, buffered 1 [./dcgmlib/src/DcgmCacheManager.cpp:7252] [DcgmCacheManager::AppendEntityInt64]
2026-09-27 21:55:53.684 DEBUG [1940551:1940555] Appended entity i64 eg 1, eid 0, fieldId 66, ts 1790513753684518, value1 1, value2 0, cached 0, buffered 1 [./dcgmlib/src/DcgmCacheManager.cpp:7252] [DcgmCacheManager::AppendEntityInt64]
2026-09-27 21:55:53.684 DEBUG [1940551:1940555] Appended entity i64 eg 1, eid 0, fieldId 67, ts 1790513753684595, value1 0, value2 0, cached 0, buffered 1 [./dcgmlib/src/DcgmCacheManager.cpp:7252] [DcgmCacheManager::AppendEntityInt64]
2026-09-27 21:55:53.684 DEBUG [1940551:1940555] Appended entity i64 eg 1, eid 0, fieldId 74, ts 1790513753684600, value1 0, value2 0, cached 0, buffered 1 [./dcgmlib/src/DcgmCacheManager.cpp:7252] [DcgmCacheManager::AppendEntityInt64]
2026-09-27 21:55:53.702 DEBUG [1940551:1940556] Entering dcgmModuleIdToName(dcgmModuleId_t id, char const **name) (7, 0x7724f19fa8e8) [./dcgmlib/entry_point.h:889] [dcgmModuleIdToName]
2026-09-27 21:55:53.703 DEBUG [1940551:1940556] Returning 0 [./dcgmlib/entry_point.h:889] [dcgmModuleIdToName]
2026-09-27 21:55:53.703 DEBUG [1940551:1940556] [[Diag]] Initialized logging for module 7 [./modules/DcgmModule.h:90] [DcgmModuleWithCoreProxy<moduleId>::DcgmModuleWithCoreProxy]
2026-09-27 21:55:53.703 DEBUG [1940551:1940556] [[Diag]] The new NVVS binary path is: /home/meoru/skhynix-apply-2026-9-software/gpu-memory-validator/build/dcgm-4.6.1/root/usr/libexec/datacenter-gpu-manager-4/nvvs [./modules/diag/DcgmDiagManager.cpp:301] [DcgmDiagManager::GetNvvsBinPath]
2026-09-27 21:55:53.703 INFO  [1940551:1940556] Loaded module 7 [./dcgmlib/src/DcgmHostEngineHandler.cpp:2782] [DcgmHostEngineHandler::LoadModule]
2026-09-27 21:55:53.703 DEBUG [1940551:1940556] [[Diag]] performing action 0 on group 2147483642 with validation 1 [./modules/diag/DcgmDiagManager.cpp:1765] [DcgmDiagManager::RunDiagAndAction]
2026-09-27 21:55:53.703 DEBUG [1940551:1940556] [[Diag]] Resource handle created with token 2444939919 [./modules/common/DcgmResourceHandle.cpp:30] [DcgmResourceHandle::DcgmResourceHandle]
2026-09-27 21:55:53.703 DEBUG [1940551:1940556] [[Diag]] Parsing entity ids: 0 [./modules/diag/DcgmDiagManager.cpp:1562] [DcgmDiagManager::RunDiag]
2026-09-27 21:55:53.703 DEBUG [1940551:1940556] All GPUs in list of 1 are the same [./dcgmlib/src/DcgmCacheManager.cpp:15128] [DcgmCacheManager::AreAllGpuIdsSameSku]
2026-09-27 21:55:53.703 DEBUG [1940551:1940556] [[Diag]] Running diag on entities: 0 [./modules/diag/DcgmDiagManager.cpp:1608] [DcgmDiagManager::RunDiag]
2026-09-27 21:55:53.707 INFO  [1940551:1940556] Process /home/meoru/skhynix-apply-2026-9-software/gpu-memory-validator/build/dcgm-4.6.1/root/usr/libexec/datacenter-gpu-manager-4/nvvs spawned with pid: 1940622 [./common/ChildProcess/ChildProcess.cpp:320] [DcgmNs::Common::Subprocess::ChildProcess::Impl::Run]
2026-09-27 21:55:53.708 DEBUG [1940551:1940556] [[Diag]] Launched external command '/home/meoru/skhynix-apply-2026-9-software/gpu-memory-validator/build/dcgm-4.6.1/root/usr/libexec/datacenter-gpu-manager-4/nvvs --channel-fd 3 --response-version 202726076 --specifiedtest short --configless --entity-id 0 -p /home/meoru/skhynix-apply-2026-9-software/gpu-memory-validator/build/dcgm-4.6.1/root/usr/libexec/datacenter-gpu-manager-4/plugins' (PID: 1940622) [./modules/diag/DcgmDiagManager.cpp:947] [DcgmDiagManager::PerformExternalCommand]
2026-09-27 21:55:54.547 DEBUG [1940551:1940566] Failed to wait for NVML system event: pending [./dcgmlib/src/DcgmHostEngineHandler.cpp:2302] [DcgmNvmlSystemEventThread::run]
2026-09-27 21:55:55.547 DEBUG [1940551:1940566] Failed to wait for NVML system event: pending [./dcgmlib/src/DcgmHostEngineHandler.cpp:2302] [DcgmNvmlSystemEventThread::run]
2026-09-27 21:55:55.789 DEBUG [1940551:1940552] fd pipe closed for process /home/meoru/skhynix-apply-2026-9-software/gpu-memory-validator/build/dcgm-4.6.1/root/usr/libexec/datacenter-gpu-manager-4/nvvs, reason 2 [./common/ChildProcess/ChildProcess.cpp:141] [DcgmNs::Common::Subprocess::ChildProcess::Impl::FdProcess]
2026-09-27 21:55:55.790 DEBUG [1940551:1940552] StdLines pipe closed for process /home/meoru/skhynix-apply-2026-9-software/gpu-memory-validator/build/dcgm-4.6.1/root/usr/libexec/datacenter-gpu-manager-4/nvvs [./common/ChildProcess/ChildProcess.cpp:183] [DcgmNs::Common::Subprocess::ChildProcess::Impl::StdLinesProcess]
2026-09-27 21:55:55.790 DEBUG [1940551:1940552] StdLines pipe closed for process /home/meoru/skhynix-apply-2026-9-software/gpu-memory-validator/build/dcgm-4.6.1/root/usr/libexec/datacenter-gpu-manager-4/nvvs [./common/ChildProcess/ChildProcess.cpp:183] [DcgmNs::Common::Subprocess::ChildProcess::Impl::StdLinesProcess]
2026-09-27 21:55:55.791 DEBUG [1940551:1940556] [[Diag]] Diag status : version 16777360	totalTests 1	completedTests 1	plugin name software	error code 20 [./modules/diag/DcgmDiagManager.cpp:753] [PrintDiagStatus]
2026-09-27 21:55:55.791 DEBUG [1940551:1940556] Adding WatchInfo on entityKey 0x16800000000 (eg 0, entityId 0, fieldId 360) [./dcgmlib/src/DcgmCacheManager.cpp:2478] [DcgmCacheManager::GetEntityWatchInfo]
2026-09-27 21:55:55.791 DEBUG [1940551:1940556] Appended entity i64 eg 0, eid 0, fieldId 360, ts 1790513755791710, value1 20, value2 0, cached 1, buffered 0 [./dcgmlib/src/DcgmCacheManager.cpp:7252] [DcgmCacheManager::AppendEntityInt64]
2026-09-27 21:55:55.791 DEBUG [1940551:1940556] Adding WatchInfo on entityKey 0x16a00000000 (eg 0, entityId 0, fieldId 362) [./dcgmlib/src/DcgmCacheManager.cpp:2478] [DcgmCacheManager::GetEntityWatchInfo]
2026-09-27 21:55:55.791 DEBUG [1940551:1940556] Appended entity blob eg 0, eid 0, fieldId 362, ts 1790513755791710, valueSize 144, cached 1, buffered 0 [./dcgmlib/src/DcgmCacheManager.cpp:7361] [DcgmCacheManager::AppendEntityBlob]
2026-09-27 21:55:55.791 INFO  [1940551:1940552] Process /home/meoru/skhynix-apply-2026-9-software/gpu-memory-validator/build/dcgm-4.6.1/root/usr/libexec/datacenter-gpu-manager-4/nvvs exited with exit code: 0 [./common/ChildProcess/ChildProcess.cpp:249] [DcgmNs::Common::Subprocess::ChildProcess::Impl::Run]
2026-09-27 21:55:55.794 DEBUG [1940551:1940556] [[Diag]] External command stdout: 	DCGM Diagnostic (version 4.6.1)		 [./modules/diag/DcgmDiagManager.cpp:1004] [DcgmDiagManager::PerformExternalCommand]
2026-09-27 21:55:55.794 DEBUG [1940551:1940556] [[Diag]] External command stderr:  [./modules/diag/DcgmDiagManager.cpp:1005] [DcgmDiagManager::PerformExternalCommand]
2026-09-27 21:55:55.794 DEBUG [1940551:1940552] Process /home/meoru/skhynix-apply-2026-9-software/gpu-memory-validator/build/dcgm-4.6.1/root/usr/libexec/datacenter-gpu-manager-4/nvvs is not running [./common/ChildProcess/ChildProcess.cpp:364] [DcgmNs::Common::Subprocess::ChildProcess::Impl::SignalRunningProcess]
2026-09-27 21:55:55.794 DEBUG [1940551:1940556] Unregistering process 1940622 [./common/HangDetectMonitor.cpp:420] [HangDetectMonitor::RemoveMonitoredTask]
2026-09-27 21:55:55.794 DEBUG [1940551:1940556] Deleted fingerprint for pid 1940622 [./common/FingerprintStore.cpp:124] [FingerprintStore::Delete]
2026-09-27 21:55:55.794 DEBUG [1940551:1940552] Process /home/meoru/skhynix-apply-2026-9-software/gpu-memory-validator/build/dcgm-4.6.1/root/usr/libexec/datacenter-gpu-manager-4/nvvs is not running [./common/ChildProcess/ChildProcess.cpp:364] [DcgmNs::Common::Subprocess::ChildProcess::Impl::SignalRunningProcess]
2026-09-27 21:55:55.794 INFO  [1940551:1940556] Freed resources [./dcgmlib/src/DcgmResourceManager.cpp:60] [DcgmResourceManager::FreeResources]
2026-09-27 21:55:55.799 DEBUG [1940551:1940567] bev 0x7724ac004770 got events 11 [./common/transport/DcgmIpc.cpp:1334] [DcgmIpc::EventCB]
2026-09-27 21:55:55.799 DEBUG [1940551:1940567] Got connection error for bev 0x7724ac004770 connectionId 4 events 11 [./common/transport/DcgmIpc.cpp:1344] [DcgmIpc::EventCB]
2026-09-27 21:55:55.799 DEBUG [1940551:1940567] Removing bev 0x7724ac004770, connectionId 4 [./common/transport/DcgmIpc.cpp:836] [DcgmIpc::RemoveConnectionByBev]
2026-09-27 21:55:55.799 DEBUG [1940551:1940567] DcgmIpcConnection destructor for bev 0x7724ac004770 [./common/transport/DcgmIpc.cpp:1509] [DcgmIpcConnection::~DcgmIpcConnection]
2026-09-27 21:55:55.799 DEBUG [1940551:1940567] SetConnectionState bev0x7724ac004770 2 -> 3 [./common/transport/DcgmIpc.cpp:1585] [DcgmIpcConnection::SetConnectionState]
2026-09-27 21:55:55.799 DEBUG [1940551:1940567] bufferevent_free 0x7724ac004770 [./common/transport/DcgmIpc.cpp:1561] [DcgmIpcConnection::FreeCurrentBev]
2026-09-27 21:55:55.799 DEBUG [1940551:1940567] bev 0x7724ac004100 got events 11 [./common/transport/DcgmIpc.cpp:1334] [DcgmIpc::EventCB]
2026-09-27 21:55:55.799 DEBUG [1940551:1940567] Got connection error for bev 0x7724ac004100 connectionId 3 events 11 [./common/transport/DcgmIpc.cpp:1344] [DcgmIpc::EventCB]
2026-09-27 21:55:55.799 DEBUG [1940551:1940567] Removing bev 0x7724ac004100, connectionId 3 [./common/transport/DcgmIpc.cpp:836] [DcgmIpc::RemoveConnectionByBev]
2026-09-27 21:55:55.799 DEBUG [1940551:1940557] Removed 0 groups for connectionId 4 [./dcgmlib/src/DcgmGroupManager.inl:388] [impl::DcgmGroupManager<HostEngineHandler>::RemoveAllGroupsForConnection]
2026-09-27 21:55:55.799 DEBUG [1940551:1940557] No field groups found for connectionId 4 [./dcgmlib/src/DcgmFieldGroup.cpp:397] [DcgmFieldGroupManager::OnConnectionRemove]
2026-09-27 21:55:55.799 DEBUG [1940551:1940567] DcgmIpcConnection destructor for bev 0x7724ac004100 [./common/transport/DcgmIpc.cpp:1509] [DcgmIpcConnection::~DcgmIpcConnection]
2026-09-27 21:55:55.799 DEBUG [1940551:1940567] SetConnectionState bev0x7724ac004100 2 -> 3 [./common/transport/DcgmIpc.cpp:1585] [DcgmIpcConnection::SetConnectionState]
2026-09-27 21:55:55.799 DEBUG [1940551:1940567] bufferevent_free 0x7724ac004100 [./common/transport/DcgmIpc.cpp:1561] [DcgmIpcConnection::FreeCurrentBev]
2026-09-27 21:55:55.799 DEBUG [1940551:1940565] RemoveWatcher() type 0, connectionId 4 was not a watcher [./dcgmlib/src/DcgmCacheManager.cpp:3422] [DcgmCacheManager::RemoveWatcher]
2026-09-27 21:55:55.799 DEBUG [1940551:1940565] RemoveEntityFieldWatch eg 1, eid 0, fieldId 300, clearCache 0 [./dcgmlib/src/DcgmCacheManager.cpp:3809] [DcgmCacheManager::RemoveEntityFieldWatch]
2026-09-27 21:55:55.799 DEBUG [1940551:1940565] RemoveWatcher() type 0, connectionId 4 was not a watcher [./dcgmlib/src/DcgmCacheManager.cpp:3422] [DcgmCacheManager::RemoveWatcher]
2026-09-27 21:55:55.799 DEBUG [1940551:1940565] RemoveEntityFieldWatch eg 1, eid 0, fieldId 501, clearCache 0 [./dcgmlib/src/DcgmCacheManager.cpp:3809] [DcgmCacheManager::RemoveEntityFieldWatch]
2026-09-27 21:55:55.799 DEBUG [1940551:1940565] RemoveWatcher() type 0, connectionId 4 was not a watcher [./dcgmlib/src/DcgmCacheManager.cpp:3422] [DcgmCacheManager::RemoveWatcher]
2026-09-27 21:55:55.799 DEBUG [1940551:1940565] RemoveEntityFieldWatch eg 1, eid 0, fieldId 512, clearCache 0 [./dcgmlib/src/DcgmCacheManager.cpp:3809] [DcgmCacheManager::RemoveEntityFieldWatch]
2026-09-27 21:55:55.799 DEBUG [1940551:1940565] RemoveWatcher() type 0, connectionId 4 was not a watcher [./dcgmlib/src/DcgmCacheManager.cpp:3422] [DcgmCacheManager::RemoveWatcher]
2026-09-27 21:55:55.799 DEBUG [1940551:1940565] RemoveEntityFieldWatch eg 1, eid 0, fieldId 509, clearCache 0 [./dcgmlib/src/DcgmCacheManager.cpp:3809] [DcgmCacheManager::RemoveEntityFieldWatch]
2026-09-27 21:55:55.799 DEBUG [1940551:1940565] RemoveWatcher() type 0, connectionId 4 was not a watcher [./dcgmlib/src/DcgmCacheManager.cpp:3422] [DcgmCacheManager::RemoveWatcher]
2026-09-27 21:55:55.799 DEBUG [1940551:1940565] RemoveEntityFieldWatch eg 1, eid 0, fieldId 510, clearCache 0 [./dcgmlib/src/DcgmCacheManager.cpp:3809] [DcgmCacheManager::RemoveEntityFieldWatch]
2026-09-27 21:55:55.799 DEBUG [1940551:1940565] RemoveWatcher() type 0, connectionId 4 was not a watcher [./dcgmlib/src/DcgmCacheManager.cpp:3422] [DcgmCacheManager::RemoveWatcher]
2026-09-27 21:55:55.799 DEBUG [1940551:1940565] RemoveEntityFieldWatch eg 1, eid 0, fieldId 155, clearCache 0 [./dcgmlib/src/DcgmCacheManager.cpp:3809] [DcgmCacheManager::RemoveEntityFieldWatch]
2026-09-27 21:55:55.799 DEBUG [1940551:1940565] RemoveWatcher() type 0, connectionId 4 was not a watcher [./dcgmlib/src/DcgmCacheManager.cpp:3422] [DcgmCacheManager::RemoveWatcher]
2026-09-27 21:55:55.799 DEBUG [1940551:1940555] Removed 0 groups for connectionId 3 [./dcgmlib/src/DcgmGroupManager.inl:388] [impl::DcgmGroupManager<HostEngineHandler>::RemoveAllGroupsForConnection]
2026-09-27 21:55:55.799 DEBUG [1940551:1940555] No field groups found for connectionId 3 [./dcgmlib/src/DcgmFieldGroup.cpp:397] [DcgmFieldGroupManager::OnConnectionRemove]
2026-09-27 21:55:55.799 DEBUG [1940551:1940565] RemoveEntityFieldWatch eg 1, eid 0, fieldId 511, clearCache 0 [./dcgmlib/src/DcgmCacheManager.cpp:3809] [DcgmCacheManager::RemoveEntityFieldWatch]
2026-09-27 21:55:55.799 DEBUG [1940551:1940565] RemoveWatcher() type 0, connectionId 4 was not a watcher [./dcgmlib/src/DcgmCacheManager.cpp:3422] [DcgmCacheManager::RemoveWatcher]
2026-09-27 21:55:55.799 DEBUG [1940551:1940565] RemoveEntityFieldWatch eg 1, eid 0, fieldId 513, clearCache 0 [./dcgmlib/src/DcgmCacheManager.cpp:3809] [DcgmCacheManager::RemoveEntityFieldWatch]
2026-09-27 21:55:55.799 DEBUG [1940551:1940565] RemoveWatcher() type 0, connectionId 4 was not a watcher [./dcgmlib/src/DcgmCacheManager.cpp:3422] [DcgmCacheManager::RemoveWatcher]
2026-09-27 21:55:55.799 DEBUG [1940551:1940565] RemoveEntityFieldWatch eg 1, eid 0, fieldId 204, clearCache 0 [./dcgmlib/src/DcgmCacheManager.cpp:3809] [DcgmCacheManager::RemoveEntityFieldWatch]
2026-09-27 21:55:55.799 DEBUG [1940551:1940565] RemoveWatcher() type 0, connectionId 4 was not a watcher [./dcgmlib/src/DcgmCacheManager.cpp:3422] [DcgmCacheManager::RemoveWatcher]
2026-09-27 21:55:55.799 DEBUG [1940551:1940565] RemoveEntityFieldWatch eg 1, eid 0, fieldId 150, clearCache 0 [./dcgmlib/src/DcgmCacheManager.cpp:3809] [DcgmCacheManager::RemoveEntityFieldWatch]
2026-09-27 21:55:55.799 DEBUG [1940551:1940565] RemoveWatcher() type 0, connectionId 4 was not a watcher [./dcgmlib/src/DcgmCacheManager.cpp:3422] [DcgmCacheManager::RemoveWatcher]
2026-09-27 21:55:55.799 DEBUG [1940551:1940565] RemoveGlobalFieldWatch dcgmFieldId 360, clearCache 0 [./dcgmlib/src/DcgmCacheManager.cpp:3918] [DcgmCacheManager::RemoveGlobalFieldWatch]
2026-09-27 21:55:55.799 DEBUG [1940551:1940565] RemoveWatcher() type 0, connectionId 4 was not a watcher [./dcgmlib/src/DcgmCacheManager.cpp:3422] [DcgmCacheManager::RemoveWatcher]
2026-09-27 21:55:55.799 DEBUG [1940551:1940565] RemoveEntityFieldWatch eg 1, eid 0, fieldId 203, clearCache 0 [./dcgmlib/src/DcgmCacheManager.cpp:3809] [DcgmCacheManager::RemoveEntityFieldWatch]
2026-09-27 21:55:55.799 DEBUG [1940551:1940565] RemoveWatcher() type 0, connectionId 4 was not a watcher [./dcgmlib/src/DcgmCacheManager.cpp:3422] [DcgmCacheManager::RemoveWatcher]
2026-09-27 21:55:55.799 DEBUG [1940551:1940565] RemoveGlobalFieldWatch dcgmFieldId 362, clearCache 0 [./dcgmlib/src/DcgmCacheManager.cpp:3918] [DcgmCacheManager::RemoveGlobalFieldWatch]
2026-09-27 21:55:55.799 DEBUG [1940551:1940565] RemoveWatcher() type 0, connectionId 3 was not a watcher [./dcgmlib/src/DcgmCacheManager.cpp:3422] [DcgmCacheManager::RemoveWatcher]
2026-09-27 21:55:55.799 DEBUG [1940551:1940565] RemoveEntityFieldWatch eg 1, eid 0, fieldId 300, clearCache 0 [./dcgmlib/src/DcgmCacheManager.cpp:3809] [DcgmCacheManager::RemoveEntityFieldWatch]
2026-09-27 21:55:55.799 DEBUG [1940551:1940565] RemoveWatcher() type 0, connectionId 3 was not a watcher [./dcgmlib/src/DcgmCacheManager.cpp:3422] [DcgmCacheManager::RemoveWatcher]
2026-09-27 21:55:55.799 DEBUG [1940551:1940565] RemoveEntityFieldWatch eg 1, eid 0, fieldId 501, clearCache 0 [./dcgmlib/src/DcgmCacheManager.cpp:3809] [DcgmCacheManager::RemoveEntityFieldWatch]
2026-09-27 21:55:55.800 DEBUG [1940551:1940565] RemoveWatcher() type 0, connectionId 3 was not a watcher [./dcgmlib/src/DcgmCacheManager.cpp:3422] [DcgmCacheManager::RemoveWatcher]
2026-09-27 21:55:55.800 DEBUG [1940551:1940565] RemoveEntityFieldWatch eg 1, eid 0, fieldId 512, clearCache 0 [./dcgmlib/src/DcgmCacheManager.cpp:3809] [DcgmCacheManager::RemoveEntityFieldWatch]
2026-09-27 21:55:55.800 DEBUG [1940551:1940565] RemoveWatcher() type 0, connectionId 3 was not a watcher [./dcgmlib/src/DcgmCacheManager.cpp:3422] [DcgmCacheManager::RemoveWatcher]
2026-09-27 21:55:55.800 DEBUG [1940551:1940565] RemoveEntityFieldWatch eg 1, eid 0, fieldId 509, clearCache 0 [./dcgmlib/src/DcgmCacheManager.cpp:3809] [DcgmCacheManager::RemoveEntityFieldWatch]
2026-09-27 21:55:55.800 DEBUG [1940551:1940565] RemoveWatcher() type 0, connectionId 3 was not a watcher [./dcgmlib/src/DcgmCacheManager.cpp:3422] [DcgmCacheManager::RemoveWatcher]
2026-09-27 21:55:55.800 DEBUG [1940551:1940565] RemoveEntityFieldWatch eg 1, eid 0, fieldId 510, clearCache 0 [./dcgmlib/src/DcgmCacheManager.cpp:3809] [DcgmCacheManager::RemoveEntityFieldWatch]
2026-09-27 21:55:55.800 DEBUG [1940551:1940565] RemoveWatcher() type 0, connectionId 3 was not a watcher [./dcgmlib/src/DcgmCacheManager.cpp:3422] [DcgmCacheManager::RemoveWatcher]
2026-09-27 21:55:55.799 DEBUG [1940551:1940557] Unknown subcommand: 1 [./modules/core/DcgmModuleCore.cpp:438] [DcgmModuleCore::ProcessMessage]
2026-09-27 21:55:55.800 DEBUG [1940551:1940565] RemoveEntityFieldWatch eg 1, eid 0, fieldId 155, clearCache 0 [./dcgmlib/src/DcgmCacheManager.cpp:3809] [DcgmCacheManager::RemoveEntityFieldWatch]
2026-09-27 21:55:55.800 DEBUG [1940551:1940565] RemoveWatcher() type 0, connectionId 3 was not a watcher [./dcgmlib/src/DcgmCacheManager.cpp:3422] [DcgmCacheManager::RemoveWatcher]
2026-09-27 21:55:55.800 DEBUG [1940551:1940565] RemoveEntityFieldWatch eg 1, eid 0, fieldId 511, clearCache 0 [./dcgmlib/src/DcgmCacheManager.cpp:3809] [DcgmCacheManager::RemoveEntityFieldWatch]
2026-09-27 21:55:55.800 DEBUG [1940551:1940565] RemoveWatcher() type 0, connectionId 3 was not a watcher [./dcgmlib/src/DcgmCacheManager.cpp:3422] [DcgmCacheManager::RemoveWatcher]
2026-09-27 21:55:55.800 DEBUG [1940551:1940565] RemoveEntityFieldWatch eg 1, eid 0, fieldId 513, clearCache 0 [./dcgmlib/src/DcgmCacheManager.cpp:3809] [DcgmCacheManager::RemoveEntityFieldWatch]
2026-09-27 21:55:55.800 DEBUG [1940551:1940565] RemoveWatcher() type 0, connectionId 3 was not a watcher [./dcgmlib/src/DcgmCacheManager.cpp:3422] [DcgmCacheManager::RemoveWatcher]
2026-09-27 21:55:55.800 DEBUG [1940551:1940565] RemoveEntityFieldWatch eg 1, eid 0, fieldId 204, clearCache 0 [./dcgmlib/src/DcgmCacheManager.cpp:3809] [DcgmCacheManager::RemoveEntityFieldWatch]
2026-09-27 21:55:55.800 DEBUG [1940551:1940565] RemoveWatcher() type 0, connectionId 3 was not a watcher [./dcgmlib/src/DcgmCacheManager.cpp:3422] [DcgmCacheManager::RemoveWatcher]
2026-09-27 21:55:55.800 DEBUG [1940551:1940565] RemoveEntityFieldWatch eg 1, eid 0, fieldId 150, clearCache 0 [./dcgmlib/src/DcgmCacheManager.cpp:3809] [DcgmCacheManager::RemoveEntityFieldWatch]
2026-09-27 21:55:55.800 DEBUG [1940551:1940565] RemoveWatcher() type 0, connectionId 3 was not a watcher [./dcgmlib/src/DcgmCacheManager.cpp:3422] [DcgmCacheManager::RemoveWatcher]
2026-09-27 21:55:55.800 DEBUG [1940551:1940565] RemoveGlobalFieldWatch dcgmFieldId 360, clearCache 0 [./dcgmlib/src/DcgmCacheManager.cpp:3918] [DcgmCacheManager::RemoveGlobalFieldWatch]
2026-09-27 21:55:55.800 INFO  [1940551:1940564] [[NvSwitch]] Unwatching fields watched by connection 4 [./modules/nvswitch/DcgmModuleNvSwitch.cpp:438] [DcgmNs::DcgmModuleNvSwitch::ProcessClientDisconnect]
2026-09-27 21:55:55.800 DEBUG [1940551:1940565] RemoveWatcher() type 0, connectionId 3 was not a watcher [./dcgmlib/src/DcgmCacheManager.cpp:3422] [DcgmCacheManager::RemoveWatcher]
2026-09-27 21:55:55.800 DEBUG [1940551:1940565] RemoveEntityFieldWatch eg 1, eid 0, fieldId 203, clearCache 0 [./dcgmlib/src/DcgmCacheManager.cpp:3809] [DcgmCacheManager::RemoveEntityFieldWatch]
2026-09-27 21:55:55.800 DEBUG [1940551:1940565] RemoveWatcher() type 0, connectionId 3 was not a watcher [./dcgmlib/src/DcgmCacheManager.cpp:3422] [DcgmCacheManager::RemoveWatcher]
2026-09-27 21:55:55.800 DEBUG [1940551:1940565] RemoveGlobalFieldWatch dcgmFieldId 362, clearCache 0 [./dcgmlib/src/DcgmCacheManager.cpp:3918] [DcgmCacheManager::RemoveGlobalFieldWatch]
2026-09-27 21:55:55.800 DEBUG [1940551:1940555] Unknown subcommand: 1 [./modules/core/DcgmModuleCore.cpp:438] [DcgmModuleCore::ProcessMessage]
2026-09-27 21:55:55.800 INFO  [1940551:1940564] [[NvSwitch]] Unwatching fields watched by connection 3 [./modules/nvswitch/DcgmModuleNvSwitch.cpp:438] [DcgmNs::DcgmModuleNvSwitch::ProcessClientDisconnect]
2026-09-27 21:55:55.873 DEBUG [1940551:1940551] OnStop() [./common/transport/DcgmIpc.cpp:422] [DcgmIpc::OnStop]
2026-09-27 21:55:55.873 DEBUG [1940551:1940556] Unregistering task 1940551/1940556 [./common/HangDetectMonitor.cpp:416] [HangDetectMonitor::RemoveMonitoredTask]
2026-09-27 21:55:55.873 DEBUG [1940551:1940555] Unregistering task 1940551/1940555 [./common/HangDetectMonitor.cpp:416] [HangDetectMonitor::RemoveMonitoredTask]
2026-09-27 21:55:55.873 DEBUG [1940551:1940555] Deleted fingerprint for task 1940555 of pid 1940551 [./common/FingerprintStore.cpp:124] [FingerprintStore::Delete]
2026-09-27 21:55:55.873 DEBUG [1940551:1940557] Unregistering task 1940551/1940557 [./common/HangDetectMonitor.cpp:416] [HangDetectMonitor::RemoveMonitoredTask]
2026-09-27 21:55:55.873 DEBUG [1940551:1940557] Deleted fingerprint for task 1940557 of pid 1940551 [./common/FingerprintStore.cpp:124] [FingerprintStore::Delete]
2026-09-27 21:55:55.873 DEBUG [1940551:1940556] Deleted fingerprint for task 1940556 of pid 1940551 [./common/FingerprintStore.cpp:124] [FingerprintStore::Delete]
2026-09-27 21:55:55.873 DEBUG [1940551:1940551] Requesting loop exit [./common/transport/DcgmIpc.cpp:430] [DcgmIpc::OnStop]
2026-09-27 21:55:55.873 DEBUG [1940551:1940567] event_base_loop() ended. Closing connections. [./common/transport/DcgmIpc.cpp:396] [DcgmIpc::run]
2026-09-27 21:55:55.873 DEBUG [1940551:1940567] Unregistering task 1940551/1940567 [./common/HangDetectMonitor.cpp:416] [HangDetectMonitor::RemoveMonitoredTask]
2026-09-27 21:55:55.873 DEBUG [1940551:1940567] Deleted fingerprint for task 1940567 of pid 1940551 [./common/FingerprintStore.cpp:124] [FingerprintStore::Delete]
2026-09-27 21:55:55.873 DEBUG [1940551:1940567] dcgmipc thread exiting. [./common/transport/DcgmIpc.cpp:409] [DcgmIpc::run]
2026-09-27 21:55:55.873 DEBUG [1940551:1940567] Thread id 3212830272 stopped [./common/DcgmThread/DcgmThread.cpp:314] [DcgmThread::RunInternal]
2026-09-27 21:55:55.874 DEBUG [1940551:1940551] Thread 130999715358272 had m_alreadyJoined 0 [./common/DcgmThread/DcgmThread.cpp:236] [DcgmThread::Wait]
2026-09-27 21:55:55.874 DEBUG [1940551:1940566] Sleep hit m_shouldStop [./common/DcgmThread/DcgmThread.cpp:368] [DcgmThread::Sleep]
2026-09-27 21:55:55.874 DEBUG [1940551:1940566] Unregistering task 1940551/1940566 [./common/HangDetectMonitor.cpp:416] [HangDetectMonitor::RemoveMonitoredTask]
2026-09-27 21:55:55.874 DEBUG [1940551:1940566] Deleted fingerprint for task 1940566 of pid 1940551 [./common/FingerprintStore.cpp:124] [FingerprintStore::Delete]
2026-09-27 21:55:55.874 INFO  [1940551:1940566] DcgmNvmlSystemEventThread ended [./dcgmlib/src/DcgmHostEngineHandler.cpp:2316] [DcgmNvmlSystemEventThread::run]
2026-09-27 21:55:55.874 DEBUG [1940551:1940566] Thread id 3221222976 stopped [./common/DcgmThread/DcgmThread.cpp:314] [DcgmThread::RunInternal]
2026-09-27 21:55:55.875 DEBUG [1940551:1940551] Thread 130999723750976 had m_alreadyJoined 0 [./common/DcgmThread/DcgmThread.cpp:236] [DcgmThread::Wait]
2026-09-27 21:55:55.876 DEBUG [1940551:1940564] [[NvSwitch]] Unregistering task 1940551/1940564 [./common/HangDetectMonitor.cpp:416] [HangDetectMonitor::RemoveMonitoredTask]
2026-09-27 21:55:55.876 DEBUG [1940551:1940564] [[NvSwitch]] Deleted fingerprint for task 1940564 of pid 1940551 [./common/FingerprintStore.cpp:124] [FingerprintStore::Delete]
2026-09-27 21:55:55.876 DEBUG [1940551:1940564] [[NvSwitch]] Thread id 3644839488 stopped [./common/DcgmThread/DcgmThread.cpp:314] [DcgmThread::RunInternal]
2026-09-27 21:55:55.877 DEBUG [1940551:1940551] [[NvSwitch]] Thread 131000147367488 had m_alreadyJoined 0 [./common/DcgmThread/DcgmThread.cpp:236] [DcgmThread::Wait]
2026-09-27 21:55:55.880 DEBUG [1940551:1940563] [[NvSwitch]] HangDetectMonitor: run() exiting [./common/HangDetectMonitor.h:321] [HangDetectMonitor::run]
2026-09-27 21:55:55.880 DEBUG [1940551:1940563] [[NvSwitch]] Thread id 3653232192 stopped [./common/DcgmThread/DcgmThread.cpp:314] [DcgmThread::RunInternal]
2026-09-27 21:55:55.881 DEBUG [1940551:1940551] [[NvSwitch]] Thread 131000155760192 had m_alreadyJoined 0 [./common/DcgmThread/DcgmThread.cpp:236] [DcgmThread::Wait]
2026-09-27 21:55:55.881 DEBUG [1940551:1940551] [[NvSwitch]] Thread 131000155760192 had m_alreadyJoined 1 [./common/DcgmThread/DcgmThread.cpp:236] [DcgmThread::Wait]
2026-09-27 21:55:55.881 DEBUG [1940551:1940551] [[NvSwitch]] Unloaded NSCQ [./modules/nvswitch/DcgmNscqManager.cpp:549] [DcgmNs::DcgmNscqManager::DetachFromNscq]
2026-09-27 21:55:55.882 DEBUG [1940551:1940551] [[NvSwitch]] Thread 131000147367488 had m_alreadyJoined 1 [./common/DcgmThread/DcgmThread.cpp:236] [DcgmThread::Wait]
2026-09-27 21:55:55.882 DEBUG [1940551:1940551] [[Diag]] Cleaning up leftover nvvs process with pid -1 [./modules/diag/DcgmDiagManager.cpp:136] [DcgmDiagManager::~DcgmDiagManager]
2026-09-27 21:55:55.882 INFO  [1940551:1940551] Stopping event thread. [./dcgmlib/src/DcgmCacheManager.cpp:2225] [DcgmCacheManager::Shutdown]
2026-09-27 21:55:56.552 DEBUG [1940551:1940560] Unregistering task 1940551/1940560 [./common/HangDetectMonitor.cpp:416] [HangDetectMonitor::RemoveMonitoredTask]
2026-09-27 21:55:56.552 DEBUG [1940551:1940560] Deleted fingerprint for task 1940560 of pid 1940551 [./common/FingerprintStore.cpp:124] [FingerprintStore::Delete]
2026-09-27 21:55:56.552 INFO  [1940551:1940560] DcgmCacheManagerEventThread ended [./dcgmlib/src/DcgmCacheManager.cpp:16489] [DcgmCacheManagerEventThread::run]
2026-09-27 21:55:56.552 DEBUG [1940551:1940560] Thread id 3682592320 stopped [./common/DcgmThread/DcgmThread.cpp:314] [DcgmThread::RunInternal]
2026-09-27 21:55:56.552 DEBUG [1940551:1940551] Thread 131000185120320 had m_alreadyJoined 0 [./common/DcgmThread/DcgmThread.cpp:236] [DcgmThread::Wait]
2026-09-27 21:55:56.552 INFO  [1940551:1940551] Event thread was stopped normally. [./dcgmlib/src/DcgmCacheManager.cpp:2198] [DcgmCacheManager::StopThread]
2026-09-27 21:55:56.553 INFO  [1940551:1940551] Stopping kmsg thread. [./dcgmlib/src/DcgmCacheManager.cpp:2229] [DcgmCacheManager::Shutdown]
2026-09-27 21:55:56.553 DEBUG [1940551:1940561] Thread id 3674199616 stopped [./common/DcgmThread/DcgmThread.cpp:314] [DcgmThread::RunInternal]
2026-09-27 21:55:56.554 DEBUG [1940551:1940551] Thread 131000176727616 had m_alreadyJoined 0 [./common/DcgmThread/DcgmThread.cpp:236] [DcgmThread::Wait]
2026-09-27 21:55:56.554 INFO  [1940551:1940551] Event thread was stopped normally. [./dcgmlib/src/DcgmCacheManager.cpp:2198] [DcgmCacheManager::StopThread]
2026-09-27 21:55:56.554 INFO  [1940551:1940565] Cache manager update thread ending [./dcgmlib/src/DcgmCacheManager.cpp:6977] [DcgmCacheManager::run]
2026-09-27 21:55:56.554 DEBUG [1940551:1940565] Thread id 3636446784 stopped [./common/DcgmThread/DcgmThread.cpp:314] [DcgmThread::RunInternal]
2026-09-27 21:55:56.555 DEBUG [1940551:1940551] Thread 131000138974784 had m_alreadyJoined 0 [./common/DcgmThread/DcgmThread.cpp:236] [DcgmThread::Wait]
2026-09-27 21:55:56.555 DEBUG [1940551:1940559] Unregistering task 1940551/1940559 [./common/HangDetectMonitor.cpp:416] [HangDetectMonitor::RemoveMonitoredTask]
2026-09-27 21:55:56.555 DEBUG [1940551:1940559] Deleted fingerprint for task 1940559 of pid 1940551 [./common/FingerprintStore.cpp:124] [FingerprintStore::Delete]
2026-09-27 21:55:56.555 DEBUG [1940551:1940559] Thread id 3690985024 stopped [./common/DcgmThread/DcgmThread.cpp:314] [DcgmThread::RunInternal]
2026-09-27 21:55:56.556 DEBUG [1940551:1940551] Thread 131000193513024 had m_alreadyJoined 0 [./common/DcgmThread/DcgmThread.cpp:236] [DcgmThread::Wait]
2026-09-27 21:55:56.556 DEBUG [1940551:1940551] Thread 131000193513024 had m_alreadyJoined 1 [./common/DcgmThread/DcgmThread.cpp:236] [DcgmThread::Wait]
2026-09-27 21:55:56.557 DEBUG [1940551:1940551] Thread 131000138974784 had m_alreadyJoined 1 [./common/DcgmThread/DcgmThread.cpp:236] [DcgmThread::Wait]
2026-09-27 21:55:56.557 DEBUG [1940551:1940551] Entering RemoveAllTrackedRequests [./dcgmlib/src/DcgmHostEngineHandler.cpp:4976] [DcgmHostEngineHandler::RemoveAllTrackedRequests]
2026-09-27 21:55:56.562 DEBUG [1940551:1940551] Thread 130999723750976 had m_alreadyJoined 1 [./common/DcgmThread/DcgmThread.cpp:236] [DcgmThread::Wait]
2026-09-27 21:55:56.562 DEBUG [1940551:1940552] MainIOContext thread finished [./common/ChildProcess/IoContext.cpp:62] [IoContext::Impl::Impl]
2026-09-27 21:55:56.562 DEBUG [1940551:1940551] OnStop() [./common/transport/DcgmIpc.cpp:422] [DcgmIpc::OnStop]
2026-09-27 21:55:56.562 DEBUG [1940551:1940551] Requesting loop exit [./common/transport/DcgmIpc.cpp:430] [DcgmIpc::OnStop]
2026-09-27 21:55:56.562 DEBUG [1940551:1940551] Thread 130999715358272 had m_alreadyJoined 1 [./common/DcgmThread/DcgmThread.cpp:236] [DcgmThread::Wait]
2026-09-27 21:55:56.568 DEBUG [1940551:1940554] HangDetectMonitor: run() exiting [./common/HangDetectMonitor.h:321] [HangDetectMonitor::run]
2026-09-27 21:55:56.568 DEBUG [1940551:1940554] Thread id 4062172736 stopped [./common/DcgmThread/DcgmThread.cpp:314] [DcgmThread::RunInternal]
2026-09-27 21:55:56.568 DEBUG [1940551:1940551] Thread 131000564700736 had m_alreadyJoined 0 [./common/DcgmThread/DcgmThread.cpp:236] [DcgmThread::Wait]
2026-09-27 21:55:56.568 DEBUG [1940551:1940551] Thread 131000564700736 had m_alreadyJoined 1 [./common/DcgmThread/DcgmThread.cpp:236] [DcgmThread::Wait]
2026-09-27 21:55:56.568 DEBUG [1940551:1940551] embedded host engine cleaned up [./dcgmlib/src/DcgmApi.cpp:6178] [dcgmStopEmbedded]
2026-09-27 21:55:56.568 DEBUG [1940551:1940551] Before dcgmapiFreeClientHandler [./dcgmlib/src/DcgmApi.cpp:6452] [dcgmShutdown]
2026-09-27 21:55:56.568 INFO  [1940551:1940551] Another thread freed the client handler for us. [./dcgmlib/src/DcgmApi.cpp:317] [dcgmapiFreeClientHandler]
2026-09-27 21:55:56.568 DEBUG [1940551:1940551] After dcgmapiFreeClientHandler [./dcgmlib/src/DcgmApi.cpp:6454] [dcgmShutdown]
2026-09-27 21:55:56.568 DEBUG [1940551:1940551] dcgmShutdown completed successfully [./dcgmlib/src/DcgmApi.cpp:6489] [dcgmShutdown]
